time,x,y,z,vx,vy,vz,qx,qy,qz,qw,wx,wy,wz,ex,ey,ez,evx,evy,evz,eyaw,Kp_x,Ki_x,Kd_x,Kp_y,Ki_y,Kd_y,Kp_z,Ki_z,Kd_z,Kp_yaw,Ki_yaw,Kd_yaw,thrust,roll,pitch,yaw,rpm1,rpm2,rpm3,rpm4,target_x,target_y,target_z,tracking_error,noise1,noise2,noise3,noise4
0.0,0.0,0.0,1.0,0.0,0.0,0.0,0.0,0.0,0.0,1.0,0.0,0.0,0.0,2.0,2.0,0.0,-0.0,-0.0,-0.0,0.7853981633974483,1.5,0.01,0.5,1.5,0.01,0.5,4.0,0.05,1.2,2.5,0.05,0.4,0.5,3.0,3.0,1.9634954084936207,1.0,0.0,1.0,1.0,2,2,1,2.8284271247461903,0.0,0.0,0.0,0.0
0.049825429916381836,0.0,0.0,1.0062597286522634,0.0,0.0,1.5023348765432099,0.2038415539530032,0.2038415539530032,0.2038415539530032,0.9355991997891376,0.0,0.0,0.0,2.0,2.0,-0.00625972865226343,-0.0,-0.0,-1.5023348765432099,0.27709842344406754,1.5,0.01,0.5,1.5,0.01,0.5,4.0,0.05,1.2,2.5,0.05,0.4,0.4749610853909463,3.0,3.0,0.6927460586101688,1.0,0.0,1.0,1.0,2,2,1,2.828434051591587,0.105423472455245,0.06930726752588952,0.09579251126663518,-0.12464967097909743
0.09658932685852051,-0.0018221820428532803,0.0028373717612362116,1.0174393830795565,-0.4373236902847873,0.6809692226966908,2.6831170625503233,0.3814279895244084,0.3814279895244084,0.3814279895244084,0.7506917252921492,0.0,0.0,0.0,2.0018221820428534,1.9971626282387638,-0.017439383079556503,0.4373236902847873,-0.6809692226966908,-2.6831170625503233,-0.33575345995689865,1.5,0.01,0.5,1.5,0.01,0.5,4.0,0.05,1.2,2.5,0.05,0.4,0.430242467681774,3.00273327306428,2.995743942358146,-0.8393836498922467,0.0,0.0,0.0,1.0,2,2,1,2.8277649733021613,-0.04854452260879882,-0.18616699926129499,0.1677751723766538,0.1597995288964249
0.14351224899291992,-0.005201814891683349,0.010451449086535933,1.030754695282009,-0.8111118837192164,1.8273785580719333,3.195674928588588,0.6581892285410249,0.3658468654866038,0.22433728036249365,0.6185594515370023,0.0,0.0,0.0,2.0052018148916835,1.989548550913464,-0.030754695282009026,0.8111118837192164,-1.8273785580719333,-3.195674928588588,-0.0953144616501096,1.5,0.01,0.5,1.5,0.01,0.5,4.0,0.05,1.2,2.5,0.05,0.4,0.3769812188719639,3.007802722337525,2.984322826370196,-0.23828615412527399,0.27689769736928815,0.0,0.4407712339293912,1.0,2,2,1,2.8249041764577885,-0.13031090209449678,0.01578255722663836,0.10279727811469337,-0.1082625741786054
0.18968605995178223,-0.00934127216355983,0.02280278818429013,1.0432389244515672,-0.9934697452503557,2.964321383461007,2.9962150006939665,0.8621934887547387,0.2884785794286385,0.02421013860509439,0.41571187900815293,0.0,0.0,0.0,2.0093412721635597,1.97719721181571,-0.043238924451567184,0.9934697452503557,-2.964321383461007,-2.9962150006939665,0.2210413814916269,1.5,0.01,0.5,1.5,0.01,0.5,4.0,0.05,1.2,2.5,0.05,0.4,0.32704430219373126,3.0140119082453394,2.965795817723565,0.5526034537290672,1.0,0.0,0.9666857222195001,1.0,2,2,1,2.8193316170715743,-0.034493404663240794,0.11242037933291989,0.17633992383152075,0.010751053711008735
0.23563742637634277,-0.014310225537188397,0.03821683418519726,1.0527945319164371,-1.192548809670856,3.699371040217711,2.293345791568804,0.954861477467511,0.1765669841561087,-0.17787475775197958,0.15944977111696562,0.0,0.0,0.0,2.0143102255371885,1.9617831658148028,-0.052794531916437126,1.192548809670856,-3.699371040217711,-2.293345791568804,0.46178861587437303,1.5,0.01,0.5,1.5,0.01,0.5,4.0,0.05,1.2,2.5,0.05,0.4,0.2888218723342515,3.0214653383057826,2.9426747487222045,1.1544715396859326,1.0,0.0,1.0,1.0,2,2,1,2.8122635255214448,0.09973630714750309,-0.0720242741462461,-0.013035734067702018,-0.01568442327246286
0.2829287052154541,-0.020745460360970937,0.05451442467517863,1.0588806738804006,-1.5444563577078099,3.911421717595529,1.4606740713512685,0.9151333216983321,0.20726434284332085,-0.33504805454729947,-0.0855295086339995,0.0,0.0,0.0,2.020745460360971,1.9454855753248215,-0.058880673880400636,1.5444563577078099,-3.911421717595529,-1.4606740713512685,0.20192292117045352,1.5,0.01,0.5,1.5,0.01,0.5,4.0,0.05,1.2,2.5,0.05,0.4,0.26447730447839746,3.0311181905414566,2.9182283629872323,0.5048073029261337,1.0,0.0,0.6348047622411663,1.0,2,2,1,2.805671626032354,0.11428143111183858,0.1632210530602886,-0.12554886740845292,-0.002433121959615506
0.3285512924194336,-0.02913996890188737,0.06979239422056259,1.062203153335736,-2.014682049819944,3.6667126908921506,0.7973950692804777,0.8060503377284695,0.15293889041835962,-0.4549190619210542,-0.34632527477256025,0.0,0.0,0.0,2.0291399689018874,1.9302076057794375,-0.062203153335735895,2.014682049819944,-3.6667126908921506,-0.7973950692804777,-0.04526675732165886,1.5,0.01,0.5,1.5,0.01,0.5,4.0,0.05,1.2,2.5,0.05,0.4,0.2511873866570564,3.043709953352831,2.8953114086691563,-0.11316689330414714,0.31581294517371206,0.0,0.08831618486773768,1.0,2,2,1,2.8012460882772956,0.053756675077616146,0.04040072911644919,-0.16750143575850213,-0.07971758706781959
0.3756685256958008,-0.03955393987680477,0.08280397137121674,1.0642340334082452,-2.499353033980177,3.1227785161569974,0.4874112174022101,-0.6219884613635769,-0.0009188764071322732,0.4881576804435119,0.6122349129384316,0.0,0.0,0.0,2.0395539398768046,1.9171960286287832,-0.06423403340824518,2.499353033980177,-3.1227785161569974,-0.4874112174022101,-0.09806432057230863,1.5,0.01,0.5,1.5,0.01,0.5,4.0,0.05,1.2,2.5,0.05,0.4,0.24306386636701927,3.059330909815207,2.8757940429431748,-0.24516080143077157,0.3257915625268986,0.0,0.05746586030597517,1.0,2,2,1,2.7999190875639366,-0.11537166329632986,0.06642537141445078,-0.04607133423495454,0.027454067934270722
0.4236001968383789,-0.051853841070110845,0.09342119296526728,1.0668001438962844,-2.951976286393458,2.548133182572129,0.6158665171294124,-0.35781347573120953,0.15121949035592344,0.4585208084666881,0.7992877144837774,0.0,0.0,0.0,2.051853841070111,1.9065788070347327,-0.06680014389628441,2.951976286393458,-2.548133182572129,-0.6158665171294124,-0.11505289924892848,1.5,0.01,0.5,1.5,0.01,0.5,4.0,0.05,1.2,2.5,0.05,0.4,0.23279942441486234,3.0777807616051662,2.859868210552099,-0.2876322481223212,0.27457425498848775,0.0,0.0,1.0,2,2,1,2.8017154016374892,0.0005619285714601082,-0.01757644822427677,0.0993099600946008,0.03654883475101983
0.47073841094970703,-0.06584967393700408,0.10273238516216832,1.0712841237352666,-3.3589998880543783,2.234686127256247,1.0761551613557119,-0.04755154177220248,0.28388054474617863,0.36982572253269186,0.8833909792061904,0.0,0.0,0.0,2.065849673937004,1.8972676148378316,-0.0712841237352666,3.3589998880543783,-2.234686127256247,-1.0761551613557119,-0.0937575684891856,1.5,0.01,0.5,1.5,0.01,0.5,4.0,0.05,1.2,2.5,0.05,0.4,0.2148635050589336,3.098774510905506,2.8459014222567474,-0.23439392122296399,0.3336510169873206,0.0,0.0,1.0,2,2,1,2.805787002592101,-0.03149888288472565,-0.2226976517217735,0.03132103356857781,-0.06914854637073996
0.5176761150360107,-0.08131649694320263,0.11238359208622506,1.0778992334209787,-3.712037521487651,2.316289661773619,1.587626324570882,0.2688351068695848,0.37997733064453504,0.2334964916593642,0.8537120720087312,0.0,0.0,0.0,2.0813164969432028,1.887616407913775,-0.07789923342097871,3.712037521487651,-2.316289661773619,-1.587626324570882,-0.0494182376927621,1.5,0.01,0.5,1.5,0.01,0.5,4.0,0.05,1.2,2.5,0.05,0.4,0.18840306631608517,3.1219747454148044,2.8314246118706623,-0.12354559423190525,0.5199366805035408,0.0,0.0,1.0,2,2,1,2.8108792849286153,-0.041986726610245044,0.03462125584898026,-0.09679851040370241,-9.393349374247659e-05
0.5651750564575195,-0.09803648679224923,0.12356777454825084,1.0857108171922438,-4.012797563771185,2.684203790886186,1.874780105103638,0.5505953634970242,0.4271324282319003,0.06709253896745247,0.7140736836372008,0.0,0.0,0.0,2.098036486792249,1.8764322254517491,-0.08571081719224383,4.012797563771185,-2.684203790886186,-1.874780105103638,-0.005467814884809297,1.5,0.01,0.5,1.5,0.01,0.5,4.0,0.05,1.2,2.5,0.05,0.4,0.1571567312310247,3.1470547301883736,2.8146483381776237,-0.013669537212023242,0.6103376954202193,0.0,0.17721460843913453,1.0,2,2,1,2.8160435615965054,0.02295784428168564,-0.02874365180963455,-0.09215318843550346,0.029551973972861807
0.6122560501098633,-0.1158227951677651,0.13644548883882807,1.093402260647892,-4.268714010123809,3.090651429738537,1.8459464293555223,0.7614380561212656,0.4192721854709794,-0.10795304011982404,0.48246146199416257,0.0,0.0,0.0,2.115822795167765,1.863554511161172,-0.09340226064789192,4.268714010123809,-3.090651429738537,-1.8459464293555223,0.01482795317530372,1.5,0.01,0.5,1.5,0.01,0.5,4.0,0.05,1.2,2.5,0.05,0.4,0.12639095740843231,3.1737341927516476,2.795331766741758,0.0370698829382593,0.7376692253198158,0.0,0.0,1.0,2,2,1,2.8210397903813456,-0.006288307518413131,0.04084387805446198,0.22540138952200173,-0.09163529290071518
0.6595618724822998,-0.13451437964299723,0.1503561624896162,1.10008412246395,-4.485980274055711,3.3385616761891512,1.603646835853921,0.8742063084950809,0.35740901420908217,-0.2690940948692766,0.1887074319044711,0.0,0.0,0.0,2.1345143796429973,1.8496438375103839,-0.10008412246394993,4.485980274055711,-3.3385616761891512,-1.603646835853921,-0.003492906850998456,1.5,0.01,0.5,1.5,0.01,0.5,4.0,0.05,1.2,2.5,0.05,0.4,0.09966351014420027,3.201771569464496,2.7744657562655757,-0.00873226712749614,0.5190666370305262,0.0,0.0,1.0,2,2,1,2.8261901553349604,0.05603937062614683,0.037247477242166455,-0.13673546264822264,0.05926183269097011
0.706392765045166,-0.15396062894548163,0.16442737071642544,1.105583298528179,-4.667099832596255,3.3770899744342167,1.319802255414967,0.8743753892359616,0.2495109899119041,-0.3955753995355307,-0.12935241742598996,0.0,0.0,0.0,2.1539606289454816,1.8355726292835746,-0.10558329852817905,4.667099832596255,-3.3770899744342167,-1.319802255414967,-0.05797410254898261,1.5,0.01,0.5,1.5,0.01,0.5,4.0,0.05,1.2,2.5,0.05,0.4,0.07766680588728381,3.230940943418222,2.753358943925362,-0.14493525637245652,0.5515656462688134,0.0,0.0,1.0,2,2,1,2.8319641772717254,-0.137893706998377,-0.022530188949905244,-0.031208022934731905,0.03628476118635333
0.7536673545837402,-0.1740109439429668,0.17805927526078016,1.1102530360384733,-4.81207559939644,3.2716570906451357,1.120737002470622,0.7619235204738821,0.10947555079126395,-0.4711059596541453,-0.4307514683735645,0.0,0.0,0.0,2.174010943942967,1.8219407247392199,-0.11025303603847325,4.81207559939644,-3.2716570906451357,-1.120737002470622,-0.1245518366958851,1.5,0.01,0.5,1.5,0.01,0.5,4.0,0.05,1.2,2.5,0.05,0.4,0.058987855846106996,3.26101641591445,2.73291108710883,-0.31137959173971275,0.3916927095155949,0.0,0.0,1.0,2,2,1,2.838652377590952,0.003584150064857767,0.07481360639722176,-0.09513339064609072,-0.08867682200806155
0.8006246089935303,-0.1945111553134016,0.1910992594433415,1.114606713082122,-4.9200507289043545,3.1295962038147205,1.0448824904757066,-0.5513346828758116,0.044660514478340775,0.4859573182010934,0.6766690408106161,0.0,0.0,0.0,2.1945111553134016,1.8089007405566586,-0.114606713082122,4.9200507289043545,-3.1295962038147205,-1.0448824904757066,-0.1707153047953629,1.5,0.01,0.5,1.5,0.01,0.5,4.0,0.05,1.2,2.5,0.05,0.4,0.04157314767151199,3.2917667329701024,2.7133511108349877,-0.42678826198840725,0.20897939055330889,0.0,0.0,1.0,2,2,1,2.8462494266428715,-0.02066643775186098,0.03282863026221957,0.011277966676947328,-0.0049055280184249475
0.8466131687164307,-0.21530650716427616,0.20374848898040587,1.118992529523389,-4.9908844442098905,3.03581508889545,1.0525959459040348,-0.2697330557553328,0.19304423400747767,0.4382165964270917,0.8354305578354266,0.0,0.0,0.0,2.2153065071642764,1.796251511019594,-0.1189925295233889,4.9908844442098905,-3.03581508889545,-1.0525959459040348,-0.17805015534217272,1.5,0.01,0.5,1.5,0.01,0.5,4.0,0.05,1.2,2.5,0.05,0.4,0.024029881906444395,3.3229597607464143,2.694377266529391,-0.4451253883554318,0.37592097123796525,0.0,0.0,1.0,2,2,1,2.854516006892751,-0.11988867280665988,-0.14646066849421466,-0.12896048418025957,-0.04437668713573807
0.894094705581665,-0.23625055166338885,0.21629610686100462,1.1234439905343396,-5.026570679787045,3.011428291343699,1.0683506426281828,0.04661062063307537,0.31656354724426544,0.33403287570191925,0.8865872819698202,0.0,0.0,0.0,2.236250551663389,1.7837038931389955,-0.12344399053433963,5.026570679787045,-3.011428291343699,-1.0683506426281828,-0.14996586404838053,1.5,0.01,0.5,1.5,0.01,0.5,4.0,0.05,1.2,2.5,0.05,0.4,0.006224037862641474,3.3543758274950832,2.675555839708493,-0.3749146601209513,0.3600638645778901,0.0,0.0,1.0,2,2,1,2.863154646017756,0.03371512014345964,0.06080175685998084,0.015732758875172604,0.08331461559234903
0.9409387111663818,-0.257212751040863,0.22885272039253,1.1277836296674593,-5.030927850593797,3.013587247566088,1.0415133919487134,0.3569507744872936,0.3993089689608136,0.18682518599286868,0.8235501452729538,0.0,0.0,0.0,2.257212751040863,1.77114727960747,-0.12778362966745926,5.030927850593797,-3.013587247566088,-1.0415133919487134,-0.10470867380360582,1.5,0.01,0.5,1.5,0.01,0.5,4.0,0.05,1.2,2.5,0.05,0.4,-0.011134518669837057,3.3858191265612945,2.656720919411205,-0.26177168450901456,0.6954260591604544,0.0,0.0,1.0,2,2,1,2.871985505801412,-0.08384329293581488,-0.0734902878024344,0.021183384013107466,0.07991088596814118
0.9883947372436523,-0.2781506474337277,0.24139477613935403,1.1319479250449762,-5.025095134287527,3.010093379237769,0.9994308906040655,0.6213150973157743,0.43062275641246006,0.01555411332885013,0.654438431837387,0.0,0.0,0.0,2.2781506474337276,1.758605223860646,-0.1319479250449762,5.025095134287527,-3.010093379237769,-0.9994308906040655,-0.0662759090116396,1.5,0.01,0.5,1.5,0.01,0.5,4.0,0.05,1.2,2.5,0.05,0.4,-0.027791700179904844,3.4172259711505912,2.637907835790969,-0.165689772529099,0.7689083166525645,0.0,0.0,1.0,2,2,1,2.8809847206669357,0.10639800921865633,-3.172277477865567e-05,0.0038755414907165665,-0.06374572964674169
1.0358803272247314,-0.2990643175824119,0.25392232006993126,1.1359370896143517,-5.019280835684217,3.0066105433385406,0.9573994966501095,0.8056530412438035,0.4064716436601671,-0.15772035402506523,0.40103400100368103,0.0,0.0,0.0,2.299064317582412,1.7460776799300688,-0.1359370896143517,5.019280835684217,-3.0066105433385406,-0.9573994966501095,-0.05646291303969475,1.5,0.01,0.5,1.5,0.01,0.5,4.0,0.05,1.2,2.5,0.05,0.4,-0.043748358457406766,3.448596476373618,2.619116519895103,-0.14115728259923688,0.7620781531796286,0.0,0.0,1.0,2,2,1,2.890149285601606,0.05117626221239775,0.013837114465141546,0.0018728249889499182,0.12199236796043433
1.0824382305145264,-0.31995383696886126,0.2664353973988693,1.1397513350621085,-5.013484652747842,3.0031385589451327,0.9154189074616491,0.886221584075001,0.32996633267839576,-0.3106801873614712,0.09597574901717339,0.0,0.0,0.0,2.3199538369688613,1.7335646026011307,-0.13975133506210846,5.013484652747842,-3.0031385589451327,-0.9154189074616491,-0.08630854461972615,1.5,0.01,0.5,1.5,0.01,0.5,4.0,0.05,1.2,2.5,0.05,0.4,-0.059005340248433846,3.479930755453292,2.6003469039016958,-0.21577136154931537,0.6238087916694807,0.0,0.0,1.0,2,2,1,2.899476241101106,-0.013451988236998122,-0.09162144582436359,0.22057678402810676,0.09386785572821738
1.1297621726989746,-0.34081927982031823,0.2789340525891933,1.1433908718429506,-5.007706284349674,2.9996772456777596,0.8734888274021013,0.8526433685490622,0.21096082996235957,-0.4236239153463982,-0.22144433304442004,0.0,0.0,0.0,2.3408192798203182,1.7210659474108068,-0.14339087184295063,5.007706284349674,-2.9996772456777596,-0.8734888274021013,-0.1471263566138885,1.5,0.01,0.5,1.5,0.01,0.5,4.0,0.05,1.2,2.5,0.05,0.4,-0.07356348737180252,3.5112289197304776,2.58159892111621,-0.3678158915347213,0.6344185242798371,0.0,0.0,1.0,2,2,1,2.9089626739171908,-0.1110157032794511,0.10321789081684284,-0.15289058171843706,-0.22427027081952533
1.1753489971160889,-0.3616607191131708,0.29141832935465123,1.1468559092088524,-5.001945430284624,2.996226423709904,0.8316089678164181,-0.7092433225650338,-0.0647832347208762,0.482004205057792,0.5103420306055707,0.0,0.0,0.0,2.361660719113171,1.7085816706453487,-0.1468559092088524,5.001945430284624,-2.996226423709904,-0.8316089678164181,-0.21029100647619237,1.5,0.01,0.5,1.5,0.01,0.5,4.0,0.05,1.2,2.5,0.05,0.4,-0.08742363683540955,3.542491078669756,2.562872505968023,-0.5257275161904809,0.3224711365087483,0.0,0.0,1.0,2,2,1,2.9186057177249802,0.017087958516282902,-0.02908224847445136,-0.017496280121715998,-0.1111393877561273
1.2215626239776611,-0.38247822657687197,0.30388827066206175,1.1501466552381163,-4.996201791288274,2.9927859137785244,0.7897790470233315,-0.4744916015462074,0.08973854483315216,0.478301581747741,0.733506857862251,0.0,0.0,0.0,2.382478226576872,1.6961117293379382,-0.15014665523811632,4.996201791288274,-2.9927859137785244,-0.7897790470233315,-0.24545430458031658,1.5,0.01,0.5,1.5,0.01,0.5,4.0,0.05,1.2,2.5,0.05,0.4,-0.10058662095246529,3.5737173398653077,2.5441675940069075,-0.6136357614507915,0.40590502397293443,0.0,0.0,1.0,2,2,1,2.9284025537124845,-0.17213990846549548,0.029865764513493237,0.02514067253450113,0.042455616904619485
1.268639326095581,-0.40327187269793285,0.31634391873370626,1.153263316864395,-4.9904750690546145,2.9893555371946756,0.7479987903068887,-0.17862460286156218,0.23270185619315398,0.4129929492243385,0.8621948279059628,0.0,0.0,0.0,2.4032718726979327,1.6836560812662937,-0.1532633168643951,4.9904750690546145,-2.9893555371946756,-0.7479987903068887,-0.24070272541437365,1.5,0.01,0.5,1.5,0.01,0.5,4.0,0.05,1.2,2.5,0.05,0.4,-0.11305326745758038,3.604907809046899,2.5254841218994404,-0.6017568135359341,0.5296170053614725,0.0,0.0,1.0,2,2,1,2.938350411095021,-0.03663071918255439,-0.12960654180097028,0.027095831284712987,-0.006441271138022175
1.315281629562378,-0.42404172672399304,0.3287853150497668,1.1562060999056754,-4.984764966254447,2.9859351158545357,0.7062679299072369,0.14024953054634726,0.3456927960543714,0.29449016387795296,0.879830724240053,0.0,0.0,0.0,2.424041726723993,1.6712146849502332,-0.15620609990567536,4.984764966254447,-2.9859351158545357,-0.7062679299072369,-0.2047645251457586,1.5,0.01,0.5,1.5,0.01,0.5,4.0,0.05,1.2,2.5,0.05,0.4,-0.12482439962270142,3.6360625900859893,2.5068220274253497,-0.5119113128643965,0.6956838388390593,0.0,0.0,1.0,2,2,1,2.9484465675572427,0.03872919311255624,0.10130530538634175,0.04941577411267213,-0.02949691920867036
1.3632841110229492,-0.44478785666796994,0.3412125003508119,1.1589752090932195,-4.97907118655445,2.9825244722508244,0.6645862050106194,0.44105929996149157,0.414157950529525,0.13805657411563127,0.7841430151918193,0.0,0.0,0.0,2.44478785666797,1.658787499649188,-0.1589752090932195,4.97907118655445,-2.9825244722508244,-0.6645862050106194,-0.15845987122556926,1.5,0.01,0.5,1.5,0.01,0.5,4.0,0.05,1.2,2.5,0.05,0.4,-0.13590083637287798,3.6671817850019552,2.488181249473782,-0.39614967806392315,0.866039812017767,0.0,0.0,1.0,2,2,1,2.9586883496255236,0.07783788729424998,-0.04071006176753786,0.12655693053633155,-0.02707195172319786
1.4096331596374512,-0.4655103293122903,0.3536255146403311,1.1615708481004634,-4.973393434636883,2.979123429484606,0.622953361738549,0.6850599256607102,0.4292788981490941,-0.03615892334152432,0.5874564308273623,0.0,0.0,0.0,2.4655103293122904,1.646374485359669,-0.1615708481004634,4.973393434636883,-2.979123429484606,-0.622953361738549,-0.1259644019332945,1.5,0.01,0.5,1.5,0.01,0.5,4.0,0.05,1.2,2.5,0.05,0.4,-0.14628339240185362,3.6982654939684356,2.4695617280395035,-0.31491100483323625,0.8769692760932875,0.0,0.0,1.0,2,2,1,2.969073132973456,0.0946807284527058,-0.057832449537809964,-0.028490359992375466,0.08814071995074678
1.455672264099121,-0.48620921021320657,0.36602439718732055,1.1639932195718639,-4.967731416219908,2.975731811277466,0.5813691531361255,0.8408237365500416,0.38910803665978555,-0.20571709360276513,0.31510451799430694,0.0,0.0,0.0,2.4862092102132065,1.6339756028126795,-0.16399321957186386,4.967731416219908,-2.975731811277466,-0.5813691531361255,-0.12686973771574528,1.5,0.01,0.5,1.5,0.01,0.5,4.0,0.05,1.2,2.5,0.05,0.4,-0.15597287828745543,3.7293138153198098,2.4509634042190194,-0.3171743442893632,0.7491632105078982,0.0,0.0,1.0,2,2,1,2.979598342663249,-0.014018179002530102,0.02469880592091913,-0.10574143612846541,-0.03170871607532926
1.5016541481018066,-0.5068845637052004,0.37840918652892075,1.166242525151695,-4.962084838078522,2.972349441984045,0.5398333391594565,0.888288104499153,0.2988194373117414,-0.34877857297386394,0.002166638943468505,0.0,0.0,0.0,2.5068845637052,1.6215908134710793,-0.16624252515169502,4.962084838078522,-2.972349441984045,-0.5398333391594565,-0.1672406765130583,1.5,0.01,0.5,1.5,0.01,0.5,4.0,0.05,1.2,2.5,0.05,0.4,-0.16497010060678008,3.7603268455578003,2.432386220206619,-0.41810169128264574,0.5406418919780323,0.0,0.0,1.0,2,2,1,2.9902614533257825,-0.17858814822702448,0.07732495219078078,0.22834959126802798,0.047047069055305965
1.5488090515136719,-0.5275364529054757,0.39077992047310794,1.1683189655127872,-4.9564534080660625,2.968976146604922,0.4983456866621555,0.8213395429531931,0.1700424162008257,-0.44691681395312377,-0.31105030667082467,0.0,0.0,0.0,2.527536452905476,1.609220079526892,-0.16831896551278724,4.9564534080660625,-2.968976146604922,-0.4983456866621555,-0.2317642960246582,1.5,0.01,0.5,1.5,0.01,0.5,4.0,0.05,1.2,2.5,0.05,0.4,-0.17327586205114898,3.7913046793582135,2.413830119290338,-0.5794107400616455,0.7635167312703381,0.0,0.0,1.0,2,2,1,3.0010599892820915,-0.3258462524940543,0.0507220278728175,0.12585625428420802,0.07292488982679417
1.5966851711273193,-0.5481649397185435,0.40313663610144057,1.1702227403852075,-4.9508368351362755,2.965611750799835,0.4569059693808774,-0.6486011337852141,-0.019363659743666557,0.4874914540398431,0.5842034749742472,0.0,0.0,0.0,2.5481649397185437,1.5968633638985594,-0.17022274038520746,4.9508368351362755,-2.965611750799835,-0.4569059693808774,-0.28876102847036544,1.5,0.01,0.5,1.5,0.01,0.5,4.0,0.05,1.2,2.5,0.05,0.4,-0.18089096154082984,3.8222474095778156,2.3952950458478393,-0.7219025711759136,0.7030171813877385,0.0,0.0,1.0,2,2,1,3.0119915246090057,0.018037267350740217,0.05224393915798408,-0.1380405261311616,0.044604321005221034
1.643320083618164,-0.5687700848409015,0.41547936977186234,1.1719540485848736,-4.945234829365922,2.9622560809012226,0.41551396791986894,-0.39232186055035423,0.13380916707849846,0.46527641465431696,0.7821103007290539,0.0,0.0,0.0,2.5687700848409016,1.5845206302281376,-0.17195404858487362,4.945234829365922,-2.9622560809012226,-0.41551396791986894,-0.31187593797683244,1.5,0.01,0.5,1.5,0.01,0.5,4.0,0.05,1.2,2.5,0.05,0.4,-0.18781619433949448,3.8531551272613527,2.3767809453422064,-0.779689844942081,0.6430101668898306,0.0,0.0,1.0,2,2,1,3.0230536831516632,0.05909359808211359,-0.132333884322501,0.04595641885970149,-0.06172453723790397
1.6905813217163086,-0.5893519477658095,0.4278081571215626,1.1735130880421007,-4.939647101977898,2.9589089639280712,0.3741694697344919,-0.08551090379618012,0.2697471590298549,0.3831330284228327,0.8792800680436419,0.0,0.0,0.0,2.5893519477658096,1.5721918428784374,-0.17351308804210075,4.939647101977898,-2.9589089639280712,-0.3741694697344919,-0.2958128806730618,1.5,0.01,0.5,1.5,0.01,0.5,4.0,0.05,1.2,2.5,0.05,0.4,-0.194052352168403,3.8840279216487144,2.358287764317656,-0.7395322016826544,0.6258110997602783,0.0,0.0,1.0,2,2,1,3.0342441384855627,0.015302976985149479,-0.23076104361776384,0.211891208954528,0.06899953129151644
1.7379374504089355,-0.609910586788163,0.4401230330698962,1.1749000558300744,-4.934073365364851,2.955570227600062,0.33287226911370094,0.23231399422045018,0.3709412851889526,0.2516414949560655,0.8631971553752857,0.0,0.0,0.0,2.609910586788163,1.5598769669301038,-0.1749000558300744,4.934073365364851,-2.955570227600062,-0.33287226911370094,-0.25384735550717286,1.5,0.01,0.5,1.5,0.01,0.5,4.0,0.05,1.2,2.5,0.05,0.4,-0.1996002233202976,3.9148658801822447,2.3398154503951556,-0.6346183887679322,0.9464754149448585,0.0,0.0,1.0,2,2,1,3.0455606138307867,-0.0842588919356054,-0.13181848031853668,0.004889012598879833,0.06777323764424635
1.7849316596984863,-0.6304460590094683,0.4524240318213628,1.176115148193247,-4.928513333113257,2.952239700351995,0.29162216716144274,0.5202164779811234,0.42435758015322184,0.08773813420644173,0.7359330676151126,0.0,0.0,0.0,2.6304460590094685,1.5475759681786372,-0.17611514819324703,4.928513333113257,-2.952239700351995,-0.29162216716144274,-0.20862293176414104,1.5,0.01,0.5,1.5,0.01,0.5,4.0,0.05,1.2,2.5,0.05,0.4,-0.20446059277298811,3.9456690885142027,2.321363952267956,-0.5215573294103526,0.9435859975768757,0.0,0.0,1.0,2,2,1,3.0570008819209753,0.08865282472624149,-0.1856213702532039,0.1267008382297242,-0.08718724130748987
1.8326270580291748,-0.6509584203429181,0.46471118686864815,1.177158560575651,-4.922966720027941,2.9489172113484776,0.25041897177694866,0.7411142468120746,0.42311593964266553,-0.08746603864698793,0.5138796229428437,0.0,0.0,0.0,2.650958420342918,1.5352888131313518,-0.17715856057565094,4.922966720027941,-2.9489172113484776,-0.25041897177694866,-0.18380775685018302,1.5,0.01,0.5,1.5,0.01,0.5,4.0,0.05,1.2,2.5,0.05,0.4,-0.20863424230260375,3.976437630514377,2.3029332196970276,-0.45951939212545756,1.0,0.0,0.0,1.0,2,2,1,3.0685627648295757,-0.07076941409942815,-0.09690385882340671,-0.07287080822828156,0.22149017748967448
1.8803839683532715,-0.6714477255185723,0.47698453099572674,1.1780304876491254,-4.9174332421570215,2.945602590498862,0.20926249763389834,0.8665553145582896,0.36737628894219226,-0.25140444574013704,0.22563766041142402,0.0,0.0,0.0,2.6714477255185725,1.5230154690042732,-0.17803048764912544,4.9174332421570215,-2.945602590498862,-0.20926249763389834,-0.19601425044878518,1.5,0.01,0.5,1.5,0.01,0.5,4.0,0.05,1.2,2.5,0.05,0.4,-0.21212195059650174,4.007171588277859,2.28452320350641,-0.49003562612196294,1.0,0.0,0.0,1.0,2,2,1,3.080244133755837,-0.06626260790786355,-0.029870618412390866,0.01037965679410564,-0.06601416612665349
1.9277117252349854,-0.6919140280886441,0.4892440962810285,1.1787311233414521,-4.911912616817233,2.9422956684724184,0.16815256615842866,0.8803826709354461,0.26431798426897046,-0.3829615578688199,-0.09166679389640081,0.0,0.0,0.0,2.691914028088644,1.5107559037189715,-0.17873112334145214,4.911912616817233,-2.9422956684724184,-0.16815256615842866,-0.24556349722621162,1.5,0.01,0.5,1.5,0.01,0.5,4.0,0.05,1.2,2.5,0.05,0.4,-0.21492449336580854,4.037871042132966,2.2661338555784574,-0.613908743065529,1.0,0.0,0.0,1.0,2,2,1,3.0920429087729446,0.08302629700083505,-0.022023967799640495,0.12047111319392266,-0.018440888723352155
1.9755761623382568,-0.7123573804328925,0.501489914100669,1.1792606608643936,-4.90640456261962,2.938996276713725,0.12708900550596552,0.780815330312564,0.12721510020166107,-0.4651926084440017,-0.39716441844484074,0.0,0.0,0.0,2.7123573804328927,1.498510085899331,-0.17926066086439363,4.90640456261962,-2.938996276713725,-0.12708900550596552,-0.3108872067858802,1.5,0.01,0.5,1.5,0.01,0.5,4.0,0.05,1.2,2.5,0.05,0.4,-0.2170426434575745,4.068536070649339,2.2477651288489966,-0.7772180169647005,1.0,0.0,0.0,1.0,2,2,1,3.103957058540653,0.08310558491002601,-0.21480098285908686,-0.041263745621368,0.027707700899605038
2.0215225219726562,-0.7327778337641241,0.5137220151317451,1.1796192927416305,-4.900908799495565,2.9357042474582586,0.08607165053685958,-0.5806777255116063,0.02627329236943235,0.48750610654723947,0.6515066302670216,0.0,0.0,0.0,2.732777833764124,1.4862779848682548,-0.17961929274163047,4.900908799495565,-2.9357042474582586,-0.08607165053685958,-0.35932751989776807,1.5,0.01,0.5,1.5,0.01,0.5,4.0,0.05,1.2,2.5,0.05,0.4,-0.21847717096652186,4.0991667506461855,2.229416977302382,-0.8983187997444202,0.9177181840598336,0.0,0.0,1.0,2,2,1,3.1159845999846634,0.13157643023021007,0.01569982643417093,-0.07595203969596226,0.0671390116645162
2.067840099334717,-0.7531754381338037,0.5259404293556957,1.1798072108365922,-4.895425048723122,2.9324194137481676,0.04510034279080103,-0.3057479003355067,0.1763776428349951,0.4470280379118288,0.8219337454254453,0.0,0.0,0.0,2.7531754381338036,1.4740595706443043,-0.17980721083659224,4.895425048723122,-2.9324194137481676,-0.04510034279080103,-0.3699733828305303,1.5,0.01,0.5,1.5,0.01,0.5,4.0,0.05,1.2,2.5,0.05,0.4,-0.21922884334636894,4.129763157200705,2.2110893559664566,-0.9249334570763257,0.8786258117878284,0.0,0.0,1.0,2,2,1,3.1281235979449673,0.05329353256185321,0.001223580257792911,0.04556178358764255,-0.03266601374356368
2.1146891117095947,-0.7735502424377771,0.53814518606173,1.1798246063801756,-4.889953032953629,2.9291416094482154,0.0041749304600010514,0.00856274372938825,0.303764270624799,0.34897204255999115,0.886494478732449,0.0,0.0,0.0,2.773550242437777,1.4618548139382699,-0.1798246063801756,4.889953032953629,-2.9291416094482154,-0.0041749304600010514,-0.3438159102146225,1.5,0.01,0.5,1.5,0.01,0.5,4.0,0.05,1.2,2.5,0.05,0.4,-0.21929842552070244,4.160325363656666,2.1927822209074046,-0.8595397755365562,0.8045996522047258,0.0,0.0,1.0,2,2,1,3.14037216479527,-0.006440156822048538,-0.026434267856148393,0.042388661092196946,-0.03370870044160167
2.1620218753814697,-0.7939022944221046,0.5503363138503211,1.179671669998347,-4.884492476238576,2.9258706692618732,-0.03670473163887921,0.3217704926979369,0.3920255742071909,0.20596788962398838,0.8368733044136907,0.0,0.0,0.0,2.7939022944221046,1.449663686149679,-0.17967166999834694,4.884492476238576,-2.9258706692618732,0.03670473163887921,-0.2978373629537629,1.5,0.01,0.5,1.5,0.01,0.5,4.0,0.05,1.2,2.5,0.05,0.4,-0.21868667999338776,4.190853441633157,2.1744955292245187,-0.7445934073844073,1.0,0.0,0.0,1.0,2,2,1,3.152728460035556,-0.1937444005326471,-0.057772397085628625,-0.12070822967292796,0.06883531098308078
2.2086875438690186,-0.8142316406890074,0.5625138406367692,1.1793485917396216,-4.879043104056684,2.9226064287475406,-0.07753878209406796,0.5935336872385043,0.4297933564254511,0.03643474286893073,0.6794615091362317,0.0,0.0,0.0,2.8142316406890076,1.4374861593632309,-0.1793485917396216,4.879043104056684,-2.9226064287475406,0.07753878209406796,-0.25579553219974327,1.5,0.01,0.5,1.5,0.01,0.5,4.0,0.05,1.2,2.5,0.05,0.4,-0.21739436695848635,4.2213474610335115,2.1562292390448463,-0.6394888304993582,1.0,0.0,0.0,1.0,2,2,1,3.1651906898597724,0.125775998842309,0.11934671543556528,-0.13095617652809902,0.11178489814912235
2.25555682182312,-0.834538326702929,0.5746777936548313,1.178855561102416,-4.873604643341183,2.919348724334887,-0.11832735292930044,0.7888487929585449,0.4122030664854884,-0.13779125707859918,0.4345339840570657,0.0,0.0,0.0,2.834538326702929,1.4253222063451687,-0.17885556110241607,4.873604643341183,-2.919348724334887,0.11832735292930044,-0.2401677752747845,1.5,0.01,0.5,1.5,0.01,0.5,4.0,0.05,1.2,2.5,0.05,0.4,-0.2154222444096643,4.251807490054393,2.137983309517753,-0.6004194381869612,1.0,0.0,0.0,1.0,2,2,1,3.1777571067005357,0.05101498018220714,0.060361983139175505,-0.006828798785502601,-0.029065069035168995
2.30258846282959,-0.8548223967967092,0.58682819946042,1.1781927670622672,-4.868176822507248,2.9160973933412833,-0.15907056963573116,0.8825589116547791,0.3415203618834521,-0.2942695225902842,0.13363778639372148,0.0,0.0,0.0,2.8548223967967092,1.4131718005395801,-0.17819276706226717,4.868176822507248,-2.9160973933412833,0.15907056963573116,-0.2637675582117973,1.5,0.01,0.5,1.5,0.01,0.5,4.0,0.05,1.2,2.5,0.05,0.4,-0.21277106824906866,4.282233595195064,2.1197577008093704,-0.6594188955294933,1.0,0.0,0.0,1.0,2,2,1,3.1904260087527017,-0.06895749062761163,-0.07895544241743911,-0.040730887971942686,-0.03331934444738198
2.349846601486206,-0.8750838941778741,0.5989650839353713,1.1773603980989125,-4.862759371479566,2.912852273988317,-0.19976855120514292,0.8625940300634222,0.22684928809422067,-0.4128454026370037,-0.18447117203395072,0.0,0.0,0.0,2.875083894177874,1.4010349160646287,-0.17736039809891246,4.862759371479566,-2.912852273988317,0.19976855120514292,-0.3205754633376873,1.5,0.01,0.5,1.5,0.01,0.5,4.0,0.05,1.2,2.5,0.05,0.4,-0.20944159239564986,4.3126258412668115,2.101552374096943,-0.8014386583442183,1.0,0.0,0.0,1.0,2,2,1,3.203195739477535,0.10014744908126327,-0.019617058626428145,-0.10486995065022531,0.1486516948826809
2.397367000579834,-0.8953228609350408,0.6110884722912812,1.1763586422232273,-4.85735202172,2.9096132054183643,-0.24042141016446864,0.7315256568856711,0.0829596629439247,-0.4782461340973259,-0.47881994827197877,0.0,0.0,0.0,2.8953228609350408,1.3889115277087187,-0.17635864222322728,4.85735202172,-2.9096132054183643,0.24042141016446864,-0.3837132513208124,1.5,0.01,0.5,1.5,0.01,0.5,4.0,0.05,1.2,2.5,0.05,0.4,-0.20543456889290912,4.342984291402561,2.083367291563078,-0.959283128302031,1.0,0.0,0.0,1.0,2,2,1,3.216064687089185,0.05110172366588749,0.11757800759087132,-0.15623769403817828,-0.06593669286961343
2.4441771507263184,-0.915539338044438,0.6231983890734112,1.175187687004012,-4.851954506255331,2.9063800277112044,-0.2810292526116301,-0.506235608351492,0.07161529956399566,0.4820479980904095,0.7114959488587286,0.0,0.0,0.0,2.915539338044438,1.3768016109265888,-0.1751876870040121,4.851954506255331,-2.9063800277112044,0.2810292526116301,-0.421742599508351,1.5,0.01,0.5,1.5,0.01,0.5,4.0,0.05,1.2,2.5,0.05,0.4,-0.20075074801604842,4.373309007066657,2.0652024163898832,-1.0543564987708776,1.0,0.0,0.0,1.0,2,2,1,3.2290312840250506,0.012626896047393716,0.06631788123648316,0.023657994363916173,0.0792429114897143
2.4897143840789795,-0.9357333653765423,0.6352948581646639,1.173847719594626,-4.846566559705029,2.9031525819006583,-0.3215921782526908,-0.21574160327117536,0.21696609687339208,0.42376130844936005,0.8525301325389004,0.0,0.0,0.0,2.9357333653765423,1.3647051418353362,-0.17384771959462597,4.846566559705029,-2.9031525819006583,0.3215921782526908,-0.42007675492265545,1.5,0.01,0.5,1.5,0.01,0.5,4.0,0.05,1.2,2.5,0.05,0.4,-0.19539087837850388,4.403600048064813,2.0470577127530043,-1.0501918873066387,1.0,0.0,0.0,1.0,2,2,1,3.2420940064015933,0.08089517188724407,0.02541118002659695,0.05482929075081736,0.19681938484627123
2.537611246109009,-0.9559049817028299,0.6473779027896274,1.172338926759458,-4.841187918309038,2.89993070999123,-0.3621102804403388,0.10254026558801754,0.33437131366824063,0.3108934840832287,0.8837570707403167,0.0,0.0,0.0,2.95590498170283,1.3526220972103726,-0.17233892675945794,4.841187918309038,-2.89993070999123,0.3621102804403388,-0.38537186996603395,1.5,0.01,0.5,1.5,0.01,0.5,4.0,0.05,1.2,2.5,0.05,0.4,-0.18935570703783178,4.433857472554245,2.028933145815559,-0.9634296749150849,1.0,0.0,0.0,1.0,2,2,1,3.255251373457048,0.060994115041382295,-0.11879596965824586,-0.06597740692693375,0.17051307766462487
2.5856435298919678,-0.9760542247026447,0.6594475455186888,1.1706614949002343,-4.83581831995554,2.896714254974738,-0.4025836462136889,0.40761478413180496,0.40870897012750523,0.15798208140649136,0.8011546838463648,0.0,0.0,0.0,2.9760542247026445,1.3405524544813112,-0.1706614949002343,4.83581831995554,-2.896714254974738,0.4025836462136889,-0.33750145946766785,1.5,0.01,0.5,1.5,0.01,0.5,4.0,0.05,1.2,2.5,0.05,0.4,-0.1826459796009372,4.464081337053967,2.010828681721967,-0.8437536486691697,1.0,0.0,0.0,1.0,2,2,1,3.268501946982426,0.03653621087774339,0.03538191954734714,-0.06202170046815916,-0.18286352844716292
2.632643699645996,-0.9961811309701808,0.6715038082722176,1.1688156100821534,-4.830457504208659,2.89350306084691,-0.44301235633940794,0.6601878661238604,0.4304042571276324,-0.015277666193357142,0.6153622914876401,0.0,0.0,0.0,2.996181130970181,1.3284961917277824,-0.1688156100821534,4.830457504208659,-2.89350306084691,0.44301235633940794,-0.3006565703280607,1.5,0.01,0.5,1.5,0.01,0.5,4.0,0.05,1.2,2.5,0.05,0.4,-0.1752624403286136,4.494271696455272,1.9927442875916737,-0.7516414258201518,1.0,0.0,0.0,1.0,2,2,1,3.281844330742149,-0.10851540764132053,-0.05301266593245371,0.09968465054616935,-0.02212041638099378
2.6791510581970215,-1.0162857360215811,0.6835467123248173,1.1668014580598445,-4.825105212336088,2.890296972623934,-0.4833964853541608,0.8277276943801587,0.39666278698139684,-0.18656962593679233,0.35031025114612757,0.0,0.0,0.0,3.0162857360215813,1.3164532876751827,-0.16680145805984448,4.825105212336088,-2.890296972623934,0.4833964853541608,-0.2954105396519742,1.5,0.01,0.5,1.5,0.01,0.5,4.0,0.05,1.2,2.5,0.05,0.4,-0.1672058322393779,4.524428604032372,1.974679931512774,-0.7385263491299355,1.0,0.0,0.0,1.0,2,2,1,3.295277169885553,-0.028661068496023574,-0.08298183831840432,-0.009686585670180225,0.18293867895704222
2.7271511554718018,-1.0363680743021504,0.6955762783096462,1.164619224303143,-4.8197611873366,2.887095836358934,-0.5237361016083741,0.8886548708869085,0.3118305150442157,-0.33383111926948617,0.040137689812857404,0.0,0.0,0.0,3.0363680743021506,1.3044237216903538,-0.16461922430314302,4.8197611873366,-2.887095836358934,0.5237361016083741,-0.32993712356936383,1.5,0.01,0.5,1.5,0.01,0.5,4.0,0.05,1.2,2.5,0.05,0.4,-0.15847689721257208,4.554552111453226,1.9566355825355308,-0.8248428089234096,1.0,0.0,0.0,1.0,2,2,1,3.308799150350476,0.02918839976031818,-0.12497890845483633,0.03834273521643522,-0.14105811485704475
2.7747750282287598,-1.0564281791936814,0.707592526222806,1.1622690940226792,-4.814425173967413,2.883899499158366,-0.5640312673113038,0.8351218778008634,0.1868339737090089,-0.43809463016969447,-0.2752046702055395,0.0,0.0,0.0,3.0564281791936816,1.292407473777194,-0.1622690940226792,4.814425173967413,-2.883899499158366,0.5640312673113038,-0.3915874442831574,1.5,0.01,0.5,1.5,0.01,0.5,4.0,0.05,1.2,2.5,0.05,0.4,-0.14907637609071678,4.584642268790523,1.938611210665791,-0.9789686107078934,1.0,0.0,0.0,1.0,2,2,1,3.322408998260042,-0.059537706750507874,-0.020068906960498754,0.023286131993589466,0.10682796587029107
2.821629524230957,-1.0764660830218955,0.7195954754277989,1.1597512521952733,-4.809096918771383,2.880707809198305,-0.6042820385774097,-0.6740238503068713,-0.03777291754693126,0.4859308515678827,0.5551002282579299,0.0,0.0,0.0,3.0764660830218955,1.280404524572201,-0.1597512521952733,4.809096918771383,-2.880707809198305,0.6042820385774097,-0.4496825410119108,1.5,0.01,0.5,1.5,0.01,0.5,4.0,0.05,1.2,2.5,0.05,0.4,-0.13900500878109323,4.6146991245328435,1.9206067868583017,-1.124206352529777,1.0,0.0,0.0,1.0,2,2,1,3.336105479313717,0.07095316471992506,0.026451644258466425,-0.05206807468908547,0.04070293316224988
2.8685696125030518,-1.0964818170639954,0.7315851446600514,1.1570658835891316,-4.803776170103995,2.8775206157406106,-0.6444884654740198,-0.42611047217094056,0.11615335084778906,0.47117840158983565,0.7634979885162344,0.0,0.0,0.0,3.0964818170639954,1.2684148553399486,-0.15706588358913165,4.803776170103995,-2.8775206157406106,0.6444884654740198,-0.4760498892072526,1.5,0.01,0.5,1.5,0.01,0.5,4.0,0.05,1.2,2.5,0.05,0.4,-0.1282635343565266,4.644722725595993,1.9026222830099229,-1.1901247230181315,1.0,0.0,0.0,1.0,2,2,1,3.349887398173652,-0.1314479367660046,0.028004960551340816,0.014127126452501235,0.10094527870787734
2.9160878658294678,-1.1164754115563291,0.7435615520315054,1.154213172788839,-4.798462678160116,2.874337769148957,-0.6846505920702733,-0.12331338326293609,0.25511888175896785,0.39573741940286783,0.8735559859348803,0.0,0.0,0.0,3.116475411556329,1.2564384479684945,-0.15421317278883895,4.798462678160116,-2.874337769148957,0.6846505920702733,-0.4627380936550998,1.5,0.01,0.5,1.5,0.01,0.5,4.0,0.05,1.2,2.5,0.05,0.4,-0.11685269115535579,4.674713117334493,1.8846576719527417,-1.1568452341377495,1.0,0.0,0.0,1.0,2,2,1,3.3637535978472424,-0.00030953552606933474,0.06399712335775216,0.031012372038181864,-0.06087202345542763
2.962569236755371,-1.1364468957021645,0.7555247150352751,1.1511933042201417,-4.7931561950004955,2.8711591209047036,-0.7247684564873331,0.195366666762752,0.361224692401791,0.26932482425004745,0.8710985743071357,0.0,0.0,0.0,3.1364468957021643,1.244475284964725,-0.15119330422014166,4.7931561950004955,-2.8711591209047036,0.7247684564873331,-0.4212867784119806,1.5,0.01,0.5,1.5,0.01,0.5,4.0,0.05,1.2,2.5,0.05,0.4,-0.10477321688056662,4.704670343553246,1.8667129274470873,-1.0532169460299514,1.0,0.0,0.0,1.0,2,2,1,3.3777029590668244,0.03500684858912352,-0.11531006474122743,-0.07194233393112635,0.03593581494102912
3.0091207027435303,-1.1563962976795727,0.7674746505503692,1.1480064621745172,-4.787856474577965,2.86798452362259,-0.7648420909498493,0.4888831774403399,0.42080418455141816,0.10822276070052107,0.7564422721835493,0.0,0.0,0.0,3.1563962976795725,1.2325253494496309,-0.14800646217451718,4.787856474577965,-2.86798452362259,0.7648420909498493,-0.373690561403918,1.5,0.01,0.5,1.5,0.01,0.5,4.0,0.05,1.2,2.5,0.05,0.4,-0.09202584869806874,4.734594446519359,1.8487880241744463,-0.9342264035097949,1.0,0.0,0.0,1.0,2,2,1,3.391734399667324,-0.03345636979523782,-0.07040256674754834,0.013844172518997833,-0.0674351861801033
3.0556490421295166,-1.17632364464942,0.7794113748464786,1.1446528308335229,-4.7825632727633325,2.8648138310662485,-0.8048715218386574,0.7194307524443538,0.4261834242666637,-0.06681856762928974,0.5443549947760759,0.0,0.0,0.0,3.17632364464942,1.2205886251535214,-0.14465283083352287,4.7825632727633325,-2.8648138310662485,0.8048715218386574,-0.34390417542749185,1.5,0.01,0.5,1.5,0.01,0.5,4.0,0.05,1.2,2.5,0.05,0.4,-0.07861132333409149,4.76448546697413,1.8308829377302822,-0.8597604385687296,1.0,0.0,0.0,1.0,2,2,1,3.4058468739626697,-0.030624742827417173,0.05166161460918122,-0.10483827053564819,0.19384674050022466
3.1036412715911865,-1.1962289627634657,0.7913349035888265,1.14113259429292,-4.777276347370924,2.861646898163501,-0.8448567697446978,0.8573144951409295,0.3766695568631523,-0.2332535575105608,0.2621539228438843,0.0,0.0,0.0,3.196228962763466,1.2086650964111736,-0.14113259429292002,4.777276347370924,-2.861646898163501,0.8448567697446978,-0.3498407537489242,1.5,0.01,0.5,1.5,0.01,0.5,4.0,0.05,1.2,2.5,0.05,0.4,-0.06453037717168009,4.794343444145198,1.8129976446167604,-0.8746018843723105,1.0,0.0,0.0,1.0,2,2,1,3.420039372121687,0.005462099004076867,0.11674901297177301,0.009234454247541974,0.020544550383233516
3.15181040763855,-1.2161122771725648,0.8032452518430825,1.1374459365865695,-4.771995458183758,2.8584835810214404,-0.8847978495241305,0.8847747587986105,0.27864004770552486,-0.3696451158804107,-0.053812993907433,0.0,0.0,0.0,3.2161122771725648,1.1967547481569176,-0.13744593658656945,4.771995458183758,-2.8584835810214404,0.8847978495241305,-0.394227182188368,1.5,0.01,0.5,1.5,0.01,0.5,4.0,0.05,1.2,2.5,0.05,0.4,-0.0497837463462778,4.824168415758847,1.7951321222353764,-0.98556795547092,1.0,0.0,0.0,1.0,2,2,1,3.4343109195441794,-0.04583579447782255,-0.0362359002896686,-0.006842717080076094,-0.045920199077433936
3.1985902786254883,-1.2359736120349745,0.8151424340803378,1.133593041710092,-4.766720366978324,2.8553237369412736,-0.9246947703546275,0.7982746175102846,0.1447212544618401,-0.45842579173678993,-0.3628487109199884,0.0,0.0,0.0,3.2359736120349742,1.1848575659196623,-0.1335930417100919,4.766720366978324,-2.8553237369412736,0.9246947703546275,-0.4579427278048002,1.5,0.01,0.5,1.5,0.01,0.5,4.0,0.05,1.2,2.5,0.05,0.4,-0.03437216684036759,4.853960418052461,1.7772863488794934,-1.1448568195120006,1.0,0.0,0.0,1.0,2,2,1,3.448660576237838,-0.07124281873412576,-0.03435181347237537,0.03284589970556525,0.11570552852726945
3.244638204574585,-1.2558129905247617,0.8270264641821417,1.1295740936442884,-4.761450837548937,2.8521672244329097,-0.9645475357928228,-0.6089554279105942,0.00783786797156935,0.4881604919428743,0.6251489332550895,0.0,0.0,0.0,3.2558129905247615,1.1729735358178583,-0.1295740936442884,4.761450837548937,-2.8521672244329097,0.9645475357928228,-0.5084612749706461,1.5,0.01,0.5,1.5,0.01,0.5,4.0,0.05,1.2,2.5,0.05,0.4,-0.018296374577153607,4.883719485787142,1.7594603037267875,-1.271153187426615,1.0,0.0,0.0,1.0,2,2,1,3.4630874361965764,0.011739028026435448,-0.15807386793578493,0.0023220414897623517,0.07520795629417737
3.2909374237060547,-1.2756304348403102,0.838897355445597,1.125389276378318,-4.756186635731647,2.8490139032292823,-1.004356143832889,-0.3412018046105229,0.15938746046634653,0.45501933952406,0.8069289724850011,0.0,0.0,0.0,3.27563043484031,1.161102644554403,-0.12538927637831798,4.756186635731647,-2.8490139032292823,1.004356143832889,-0.5225329204309872,1.5,0.01,0.5,1.5,0.01,0.5,4.0,0.05,1.2,2.5,0.05,0.4,-0.001557105513271928,4.9134456522604655,1.7416539668316044,-1.3063323010774681,1.0,0.0,0.0,1.0,2,2,1,3.47759062678085,-0.09240302649444326,-0.1039161072794586,-0.0014743386952429244,0.15633014670326828
3.3373751640319824,-1.2954259662129255,0.8507551205885152,1.1210387739326253,-4.750927529427683,2.8458636343003905,-1.044120586966223,-0.029500842809835587,0.2904076929659038,0.3632709679517104,0.8847752686321867,0.0,0.0,0.0,3.2954259662129255,1.149244879411485,-0.1210387739326253,4.750927529427683,-2.8458636343003905,1.044120586966223,-0.49867000527131433,1.5,0.01,0.5,1.5,0.01,0.5,4.0,0.05,1.2,2.5,0.05,0.4,0.015844904269498805,4.943138949319389,1.7238673191172273,-1.2466750131782858,1.0,0.0,0.0,1.0,2,2,1,3.4921693081004856,-0.12389906807114832,-0.006573754584864268,0.02765744456612182,0.1641640022826846
3.3836472034454346,-1.3153086862998375,0.8626321279080649,1.1166918124731724,-4.7718528208588715,2.850481756691925,-1.0432707502687197,0.28599987475854816,0.3840229498366718,0.22473271432043154,0.8486610941659851,0.0,0.0,0.0,3.3153086862998373,1.1373678720919351,-0.1166918124731724,4.7718528208588715,-2.850481756691925,1.0432707502687197,-0.45247629674421835,1.5,0.01,0.5,1.5,0.01,0.5,4.0,0.05,1.2,2.5,0.05,0.4,0.033232750107310416,4.972963029449756,1.7060518081379028,-1.1311907418605458,1.0,0.0,0.0,1.0,2,2,1,3.5069209202689993,-0.10553325696971189,-0.06743826117039686,-0.07501129771642108,-0.06925182048501398
3.4306142330169678,-1.3353929818693335,0.8747771907340668,1.1124107676889576,-4.820230936679041,2.9148150782404625,-1.0274507482115478,0.5646633507376181,0.4281754361698048,0.057248527417562874,0.7032380125555526,0.0,0.0,0.0,3.3353929818693335,1.1252228092659333,-0.11241076768895764,4.820230936679041,-2.9148150782404625,1.0274507482115478,-0.40741950432515334,1.5,0.01,0.5,1.5,0.01,0.5,4.0,0.05,1.2,2.5,0.05,0.4,0.05035692924416946,5.0030894728040005,1.6878342138989,-1.0185487608128834,1.0,0.0,0.0,1.0,2,2,1,3.5218757636645766,-0.0950357190449802,-0.12165637385398456,0.004721586817090162,-0.05256499601578949
3.478750705718994,-1.355802887912649,0.8874546971996781,1.10796138732431,-4.898377450395682,3.0426015517466984,-1.0678512875154402,0.7705972834421891,0.417178241062997,-0.11760936143847488,0.46723674945057203,0.0,0.0,0.0,3.355802887912649,1.112545302800322,-0.10796138732430993,4.898377450395682,-3.0426015517466984,1.0678512875154402,-0.38662251331080877,1.5,0.01,0.5,1.5,0.01,0.5,4.0,0.05,1.2,2.5,0.05,0.4,0.06815445070276027,5.033704331868973,1.668817954200483,-0.9665562832770219,1.0,0.0,0.0,1.0,2,2,1,3.5370645646438126,-0.08295796260322398,-0.06842876926689152,-0.04242472899331025,0.14195348168828323
3.525578260421753,-1.3766899973531042,0.9006628428681779,1.102877245145726,-5.01290626570926,3.1699549604399575,-1.2201941228601532,0.8772770527587729,0.352447820846155,-0.27731897631666,0.17105464524051325,0.0,0.0,0.0,3.376689997353104,1.099337157131822,-0.10287724514572605,5.01290626570926,-3.1699549604399575,1.2201941228601532,-0.4045447937559345,1.5,0.01,0.5,1.5,0.01,0.5,4.0,0.05,1.2,2.5,0.05,0.4,0.0884910194170958,5.065034996029656,1.649005735697733,-1.0113619843898363,1.0,0.0,0.0,1.0,2,2,1,3.5526273729233067,0.08431940767828218,0.20713811755961298,-0.09390189986697868,0.15870624441161552
3.5726418495178223,-1.3982434801455972,0.9139745419973588,1.0967324001092866,-5.1728358701983295,3.1948077910034205,-1.4747628087454603,0.8709621336667727,0.2423215572391789,-0.401309463217945,-0.14715957103609403,0.0,0.0,0.0,3.398243480145597,1.0860254580026412,-0.09673240010928663,5.1728358701983295,-3.1948077910034205,1.4747628087454603,-0.45768293917216535,1.5,0.01,0.5,1.5,0.01,0.5,4.0,0.05,1.2,2.5,0.05,0.4,0.11307039956285347,5.097365220218395,1.6290381870039616,-1.1442073479304133,1.0,0.0,0.0,1.0,2,2,1,3.5688747810777572,-0.040991533107384126,0.05947359878750611,-0.04925137400567795,-0.08715808509755008
3.619370222091675,-1.420683676922928,0.9266145890078515,1.0895019206691738,-5.38564722655943,3.0336112825182457,-1.7353150656270537,0.752465897851772,0.100983889243112,-0.4736106489923753,-0.4464193990458778,0.0,0.0,0.0,3.420683676922928,1.0733854109921483,-0.08950192066917384,5.38564722655943,-3.0336112825182457,1.7353150656270537,-0.5209613134685878,1.5,0.01,0.5,1.5,0.01,0.5,4.0,0.05,1.2,2.5,0.05,0.4,0.14199231732330464,5.131025515384392,1.6100781164882225,-1.3024032836714694,1.0,0.0,0.0,1.0,2,2,1,3.5862576109227313,0.13465788276443696,-0.044096320723203825,-0.11779201414023335,0.023995774438154028
3.666736364364624,-1.4442329905111464,0.9378375514605002,1.0818310431067297,-5.651835261172402,2.6935109886356834,-1.8410106149865662,-0.5370508501306932,0.05336066530427797,0.48491002519981596,0.6881796939992479,0.0,0.0,0.0,3.4442329905111464,1.0621624485394998,-0.08183104310672973,5.651835261172402,-2.6935109886356834,1.8410106149865662,-0.5620054715918986,1.5,0.01,0.5,1.5,0.01,0.5,4.0,0.05,1.2,2.5,0.05,0.4,0.1726758275730811,5.16634948576672,1.5932436728092498,-1.4050136789797465,1.0,0.0,0.0,1.0,2,2,1,3.605222084647313,0.019659239402636666,0.14477868092276644,-0.046355952856057106,-0.011763407029813962
3.7130489349365234,-1.4690724526052714,0.9475199239382255,1.0749264926973607,-5.961470902589983,2.323769394654059,-1.6570920982485458,-0.25246279340493305,0.2008322807609089,0.4337522141009814,0.8413013429877823,0.0,0.0,0.0,3.469072452605271,1.0524800760617745,-0.07492649269736074,5.961470902589983,-2.323769394654059,1.6570920982485458,-0.5635853070079335,1.5,0.01,0.5,1.5,0.01,0.5,4.0,0.05,1.2,2.5,0.05,0.4,0.20029402921055706,5.203608678907907,1.5787201140926617,-1.4089632675198338,1.0,0.0,0.0,1.0,2,2,1,3.6259884130040567,0.15420868170861807,0.054603676169948545,0.0005356903720030758,-0.02479412102172529
3.7607367038726807,-1.495314960304244,0.9565445948471026,1.0699000521109414,-6.29820184775338,2.1659210181305246,-1.2063457407406453,0.06464287515832164,0.3224363770391895,0.32672642363947374,0.8860620325625438,0.0,0.0,0.0,3.4953149603042437,1.0434554051528973,-0.06990005211094141,6.29820184775338,-2.1659210181305246,1.2063457407406453,-0.5303955997311236,1.5,0.01,0.5,1.5,0.01,0.5,4.0,0.05,1.2,2.5,0.05,0.4,0.22039979155623435,5.242972440456366,1.5651831077293459,-1.3259889993278091,1.0,0.0,0.0,1.0,2,2,1,3.648412239804401,0.04746666929744914,-0.2395684576379229,-0.039503464135367344,0.08803460436121963
3.807100296020508,-1.5230233089764555,0.9664794624718603,1.066931129067262,-6.6500036813307855,2.3843682299418365,-0.7125415304830428,0.3734224379453227,0.40251015192064,0.17761774691313562,0.8166965142703232,0.0,0.0,0.0,3.5230233089764553,1.0335205375281395,-0.06693112906726206,6.6500036813307855,-2.3843682299418365,0.7125415304830428,-0.4816475614994541,1.5,0.01,0.5,1.5,0.01,0.5,4.0,0.05,1.2,2.5,0.05,0.4,0.23227548373095175,5.284534963464683,1.5502808062922093,-1.2041189037486353,1.0,0.0,0.0,1.0,2,2,1,3.6721026283482447,0.09168666163146079,0.13528743454765196,-0.02914887536734366,0.08215892800311875
3.8535211086273193,-1.5522618832057873,0.9786499853943539,1.064982019746773,-7.0172578150396205,2.9209255013984388,-0.46778623691736443,0.6341045930915841,0.43073997504872036,0.005631620121084667,0.6421391778812411,0.0,0.0,0.0,3.5522618832057873,1.021350014605646,-0.06498201974677298,7.0172578150396205,-2.9209255013984388,0.46778623691736443,-0.4417767950786191,1.5,0.01,0.5,1.5,0.01,0.5,4.0,0.05,1.2,2.5,0.05,0.4,0.24007192101290808,5.328392824808681,1.532025021908469,-1.1044419876965477,1.0,0.0,0.0,1.0,2,2,1,3.696747624886239,-0.01457610568429224,0.18200477080401836,-0.03333375609697611,0.00877766795826786
3.900653839111328,-1.5831443125752276,0.9933322422458337,1.06232433599757,-7.411783048665697,3.523741644355148,-0.6378440998086923,0.8131130618128828,0.40348980002491164,-0.16707986835552913,0.38487328768756435,0.0,0.0,0.0,3.583144312575228,1.0066677577541663,-0.062324335997570035,7.411783048665697,-3.523741644355148,0.6378440998086923,-0.4322771896233894,1.5,0.01,0.5,1.5,0.01,0.5,4.0,0.05,1.2,2.5,0.05,0.4,0.25070265600971986,5.374716468862841,1.5100016366312494,-1.0806929740584734,1.0,0.0,0.0,1.0,2,2,1,3.722390020148284,0.0699661845629607,0.07719618647024296,-0.1678120986708298,0.08221060131165757
3.9475741386413574,-1.6158565772475542,1.0095751175307421,1.0574115181375803,-7.850943521358388,3.898290068378004,-1.179076286397527,0.8873912668488734,0.3242694930040529,-0.3182712023896998,0.07803510208015864,0.0,0.0,0.0,3.615856577247554,0.9904248824692579,-0.057411518137580275,7.850943521358388,-3.898290068378004,1.179076286397527,-0.46304705726778655,1.5,0.01,0.5,1.5,0.01,0.5,4.0,0.05,1.2,2.5,0.05,0.4,0.2703539274496789,5.4237848658713315,1.485637323703887,-1.1576176431694665,1.0,0.0,0.0,1.0,2,2,1,3.7494874739694093,0.06975910648857755,-0.09788260952894458,0.07398374822011576,0.13451794441054835
3.9947292804718018,-1.6506550229164996,1.0255552140873492,1.0496063885795832,-8.351626960546902,3.8352231735857054,-1.8732310939193204,0.8473720565144673,0.20328275631633067,-0.4284686961879305,-0.23885412956424426,0.0,0.0,0.0,3.6506550229164993,0.9744447859126508,-0.049606388579583216,8.351626960546902,-3.8352231735857054,1.8732310939193204,-0.523659249744456,1.5,0.01,0.5,1.5,0.01,0.5,4.0,0.05,1.2,2.5,0.05,0.4,0.30157444568166714,5.475982534374749,1.4616671788689763,-1.30914812436114,1.0,0.0,0.0,1.0,2,2,1,3.778794190072506,0.15235146634855012,0.06081778514721392,-0.03551423566867056,0.02963557627932441
4.042624235153198,-1.687832841218647,1.0392621586246593,1.0396326854284832,-8.922676392515381,3.289666688954427,-2.39368875626402,-0.6982099691483495,-0.05611287527692565,0.4834787361865458,0.5249785670534344,0.0,0.0,0.0,3.687832841218647,0.9607378413753407,-0.039632685428483194,8.922676392515381,-3.289666688954427,2.39368875626402,-0.5842542246688258,1.5,0.01,0.5,1.5,0.01,0.5,4.0,0.05,1.2,2.5,0.05,0.4,0.3414692582860672,5.53174926182797,1.441106762063011,-1.4606355616720645,1.0,0.0,0.0,1.0,2,2,1,3.811128312504792,-0.10533517138639654,0.08472204269849486,-0.027284712166282112,-0.01348622283550175
4.08896803855896,-1.727649734803152,1.0494869110878449,1.0295887875930443,-9.556054460281253,2.4539405911645393,-2.4105354805053563,-0.45911732032552127,0.09828443390241204,0.47621594119446126,0.7434849249190385,0.0,0.0,0.0,3.727649734803152,0.9505130889121551,-0.029588787593044286,9.556054460281253,-2.4539405911645393,2.4105354805053563,-0.6148248252745677,1.5,0.01,0.5,1.5,0.01,0.5,4.0,0.05,1.2,2.5,0.05,0.4,0.38164484962782286,5.591474602204729,1.4257696333682328,-1.5370620631864194,1.0,0.0,0.0,1.0,2,2,1,3.847040833409825,0.008227451620839167,0.11917248145350762,0.0037326440780350613,0.07308642510018852
4.135741710662842,-1.7702560290201772,1.056801434957835,1.0221373209821043,-10.225510612086035,1.7554857287976433,-1.7883519866255697,-0.16088962586343233,0.24002255069857584,0.40761577083019224,0.8662292345656446,0.0,0.0,0.0,3.770256029020177,0.943198565042165,-0.022137320982104303,10.225510612086035,-1.7554857287976433,1.7883519866255697,-0.6048947419943745,1.5,0.01,0.5,1.5,0.01,0.5,4.0,0.05,1.2,2.5,0.05,0.4,0.4114507160715828,5.655384043530265,1.4147978475632477,-1.5122368549859364,1.0,0.0,0.0,1.0,2,2,1,3.886507959395022,-0.023635128589780993,0.04366155855179333,-0.0071828264891590984,-0.08245991476158705
4.182618141174316,-1.8156747517550322,1.0636624071167389,1.0189375425755103,-10.900493456365206,1.646633318136932,-0.7679468175825885,0.15806090990111932,0.35084537882745864,0.28651403682585946,0.87740183246811,0.0,0.0,0.0,3.815674751755032,0.9363375928832611,-0.01893754257551028,10.900493456365206,-1.646633318136932,0.7679468175825885,-0.5647455355621859,1.5,0.01,0.5,1.5,0.01,0.5,4.0,0.05,1.2,2.5,0.05,0.4,0.4242498296979589,5.723512127632548,1.4045063893248917,-1.4118638389054647,1.0,0.0,0.0,1.0,2,2,1,3.928926129306333,0.03717908190357714,-0.04149837316163333,-0.1093859697437515,-0.06083658549437585
4.228980541229248,-1.8638670917346198,1.0731197510312753,1.0194139969582103,-11.566161595101,2.2697625394887417,0.11434905184801902,0.45665294750629287,0.4164787606627984,0.1285088363350669,0.7755636701357288,0.0,0.0,0.0,3.86386709173462,0.9268802489687247,-0.019413996958210333,11.566161595101,-2.2697625394887417,-0.11434905184801902,-0.5163391481405728,1.5,0.01,0.5,1.5,0.01,0.5,4.0,0.05,1.2,2.5,0.05,0.4,0.42234401216715867,5.79580063760193,1.3903203734530871,-1.2908478703514321,1.0,0.0,0.0,1.0,2,2,1,3.9735315277214003,0.006078649569104355,0.09066083701449121,-0.0747360805832184,-0.13145933724517536
4.276532173156738,-1.9148279874520149,1.0869855186128723,1.0210010757436945,-12.230614972174823,3.327784219583288,0.38089890851621816,0.6964273546353581,0.4284690115831131,-0.04604850794401574,0.573831665860919,0.0,0.0,0.0,3.914827987452015,0.9130144813871277,-0.021001075743694475,12.230614972174823,-3.327784219583288,-0.38089890851621816,-0.48421294536213144,1.5,0.01,0.5,1.5,0.01,0.5,4.0,0.05,1.2,2.5,0.05,0.4,0.4159956970252221,5.872241981178023,1.3695217220806915,-1.2105323634053287,1.0,0.0,0.0,1.0,2,2,1,4.019939633843099,0.004026534393636382,0.11591703976805497,0.06671302208937817,-0.09412967138918342
4.323935508728027,-1.968646481136063,1.1048844199055257,1.0206103260021255,-12.916438484171588,4.295736310236803,-0.0937799379765677,0.8465008039099208,0.38527176808040836,-0.21467473070287663,0.2981892246505586,0.0,0.0,0.0,3.968646481136063,0.8951155800944743,-0.020610326002125534,12.916438484171588,-4.295736310236803,0.0937799379765677,-0.48731731877893947,1.5,0.01,0.5,1.5,0.01,0.5,4.0,0.05,1.2,2.5,0.05,0.4,0.41755869599149786,5.952969721704095,1.3426733701417115,-1.2182932969473486,1.0,0.0,0.0,1.0,2,2,1,4.068391768192861,0.0611411682962029,0.1796531407888858,0.020819900433583866,0.07751617094815434
4.371663808822632,-2.025519360995225,1.1245623536739584,1.0161302548322502,-13.649491166198867,4.722704104423843,-1.075217080770101,0.8875435948826093,0.29245090425163955,-0.3556505045771042,-0.015860465923307053,0.0,0.0,0.0,4.025519360995225,0.8754376463260416,-0.016130254832250168,13.649491166198867,-4.722704104423843,1.075217080770101,-0.5301016133741414,1.5,0.01,0.5,1.5,0.01,0.5,4.0,0.05,1.2,2.5,0.05,0.4,0.4354789806709993,6.038279041492837,1.3131564694890625,-1.3252540334353535,1.0,0.0,0.0,1.0,2,2,1,4.119642870865536,-0.04831993102746333,-0.04099903417341372,0.010503682624760856,0.0737162131168141
4.41817831993103,-2.0857290500113685,1.1428668611874786,1.0073106866168111,-14.450325363874523,4.393081803244836,-2.1166963717053875,0.8142693503903667,0.16196189591047883,-0.45081792427100686,-0.32786730310281653,0.0,0.0,0.0,4.085729050011368,0.8571331388125214,-0.007310686616811113,14.450325363874523,-4.393081803244836,2.1166963717053875,-0.595251737961739,1.5,0.01,0.5,1.5,0.01,0.5,4.0,0.05,1.2,2.5,0.05,0.4,0.47075725353275555,6.128593575017052,1.285699708218782,-1.4881293449043476,1.0,0.0,0.0,1.0,2,2,1,4.174675141121308,-0.01029513938697051,-0.07563586446725087,0.1810807472155344,0.14095621889399967
4.464529275894165,-2.1495773800660136,1.1570052365952437,0.9960530668027668,-15.323599213114793,3.3932100978636455,-2.701828755370635,-0.6361159103934868,-0.01061193616871168,0.48791927382000394,0.5976443069167285,0.0,0.0,0.0,4.149577380066013,0.8429947634047563,0.00394693319723316,15.323599213114793,-3.3932100978636455,2.701828755370635,-0.650094070362013,1.5,0.01,0.5,1.5,0.01,0.5,4.0,0.05,1.2,2.5,0.05,0.4,0.5157877327889326,6.22436607009902,1.2644921451071345,-1.6252351759050327,1.0,0.0,0.0,1.0,2,2,1,4.234341528805278,0.09977621397494552,-0.05687466786543678,-0.03227047054830815,0.0008471959706487493
4.511765956878662,-2.217278917780851,1.1659916349829915,0.9859204114777815,-16.248369051561045,2.1567356130594892,-2.431837277996462,-0.37602972308420324,0.14210485793515873,0.46217584002437867,0.7904437675168333,0.0,0.0,0.0,4.217278917780851,0.8340083650170085,0.014079588522218467,16.248369051561045,-2.1567356130594892,2.431837277996462,-0.6690276745904478,1.5,0.01,0.5,1.5,0.01,0.5,4.0,0.05,1.2,2.5,0.05,0.4,0.5563183540888739,6.325918376671276,1.2510125475255127,-1.6725691864761194,1.0,0.0,0.0,1.0,2,2,1,4.298977745707708,0.013011162074662295,-0.16531075522521055,-0.11843163947913585,-0.03219643765138058
4.557833194732666,-2.288876143816904,1.171638519739367,0.9804892584883123,-17.183334248652645,1.3552523415301092,-1.3034767174726136,-0.06751030563553634,0.27651831890927886,0.3769034183573584,0.8814328058173924,0.0,0.0,0.0,4.288876143816903,0.8283614802606329,0.019510741511687746,17.183334248652645,-1.3552523415301092,1.3034767174726136,-0.6484429689794642,1.5,0.01,0.5,1.5,0.01,0.5,4.0,0.05,1.2,2.5,0.05,0.4,0.578042966046751,6.433314215725355,1.2425422203909493,-1.6211074224486604,1.0,0.0,0.0,1.0,2,2,1,4.368182916043658,0.09394089485653982,0.09123827231178899,-0.15829210553904594,0.19033628896878874
4.604891061782837,-2.3642571205771614,1.1779329873058353,0.9811334715267704,-18.09143442246184,1.5106722159523713,0.15461112922995168,0.2497045472239474,0.37531577786195885,0.2430852332014915,0.8588918880644598,0.0,0.0,0.0,4.364257120577161,0.8220670126941647,0.01886652847322956,18.09143442246184,-1.5106722159523713,-0.15461112922995168,-0.6032893716827112,1.5,0.01,0.5,1.5,0.01,0.5,4.0,0.05,1.2,2.5,0.05,0.4,0.5754661138929182,6.5463856808657415,1.2331005190412472,-1.5082234292067782,1.0,0.0,0.0,1.0,2,2,1,4.441046085525908,-0.007547598139203554,0.06155760052059897,-0.012019818709100887,-0.009580774178557686
4.652891159057617,-2.443270237895754,1.1887320942716009,0.9859980653289939,-18.963148156462225,2.591785671783733,1.167502512533649,0.5347570547684047,0.4257719639624943,0.07795728097038435,0.7257243205395879,0.0,0.0,0.0,4.443270237895754,0.8112679057283991,0.014001934671006078,18.963148156462225,-2.591785671783733,-1.167502512533649,-0.5572927156237771,1.5,0.01,0.5,1.5,0.01,0.5,4.0,0.05,1.2,2.5,0.05,0.4,0.5560077386840243,6.664905356843631,1.2169018585925988,-1.3932317890594428,1.0,0.0,0.0,1.0,2,2,1,4.516746846571065,0.0587155574213786,-0.05569233810340092,-0.18485264323733977,0.11797024458089769
4.699399709701538,-2.525840296097471,1.205519425036674,0.9911443791335451,-19.816813968412145,4.028959383617559,1.2351153130923045,0.7509319978218834,0.42138803968995914,-0.09721169381423439,0.49908229906424834,0.0,0.0,0.0,4.525840296097471,0.7944805749633259,0.00885562086645486,19.816813968412145,-4.028959383617559,-1.2351153130923045,-0.5342027328094243,1.5,0.01,0.5,1.5,0.01,0.5,4.0,0.05,1.2,2.5,0.05,0.4,0.5354224834658194,6.788760444146206,1.1917208624449889,-1.3355068320235608,1.0,0.0,0.0,1.0,2,2,1,4.595052577696433,-0.041524300634988014,0.04523501291303617,-0.06798091861283226,-0.011018357138059567
4.744399309158325,-2.6120192423197897,1.226844263614753,0.9927768695714316,-20.682947093356482,5.117961258738943,0.3917977050927519,0.8703856977480203,0.3627286615067843,-0.25985964685587315,0.20815767872727975,0.0,0.0,0.0,4.612019242319789,0.773155736385247,0.0072231304285683695,20.682947093356482,-5.117961258738943,-0.3917977050927519,-0.5495902575781053,1.5,0.01,0.5,1.5,0.01,0.5,4.0,0.05,1.2,2.5,0.05,0.4,0.5288925217142735,6.918028863479684,1.1597336045778706,-1.3739756439452633,1.0,0.0,0.0,1.0,2,2,1,4.67638144913849,-0.07160085252553876,-0.08911834372470487,0.14167609329892367,0.01979916398833083
4.790909051895142,-2.701981594689461,1.2492721838170373,0.9889393814635853,-21.590964568721212,5.382700848548224,-0.9209971458831347,0.8777323268200328,0.2573492512027053,-0.389037261497451,-0.10957798376983371,0.0,0.0,0.0,4.701981594689461,0.7507278161829627,0.011060618536414712,21.590964568721212,-5.382700848548224,0.9209971458831347,-0.6018340316729254,1.5,0.01,0.5,1.5,0.01,0.5,4.0,0.05,1.2,2.5,0.05,0.4,0.5442424741456588,7.052972392034192,1.1260917242744442,-1.5045850791823134,1.0,0.0,0.0,1.0,2,2,1,4.761548645983962,0.11022391096496822,0.03008070564652169,-0.08469368455293702,-0.015058643674938116
4.837909698486328,-2.7959801962048356,1.2688653290377232,0.9802341382801263,-22.559664363689848,4.702354852964613,-2.089258364030157,0.7720256274557405,0.11882284547638555,-0.46810625423447244,-0.4131998265864068,0.0,0.0,0.0,4.795980196204836,0.7311346709622768,0.019765861719873712,22.559664363689848,-4.702354852964613,2.089258364030157,-0.6674382149457733,1.5,0.01,0.5,1.5,0.01,0.5,4.0,0.05,1.2,2.5,0.05,0.4,0.5790634468794948,7.193970294307253,1.0967020064434152,-1.6685955373644332,1.0,0.0,0.0,1.0,2,2,1,4.851430164267194,-0.0535690716898937,-0.12764153835564135,0.11014593722202744,-0.07651691155111556
4.8854241371154785,-2.894251785923804,1.2828001661778954,0.9697531871060118,-23.585181532552348,3.3443609136413275,-2.5154282817874805,-0.5668807917085626,0.03500813291395603,0.48688241225867485,0.6636008704446715,0.0,0.0,0.0,4.894251785923804,0.7171998338221046,0.03024681289398823,23.585181532552348,-3.3443609136413275,2.5154282817874805,-0.7132712560524115,1.5,0.01,0.5,1.5,0.01,0.5,4.0,0.05,1.2,2.5,0.05,0.4,0.6209872515759529,7.341377678885706,1.075799750733157,-1.7831781401310287,1.0,0.0,0.0,1.0,2,2,1,4.946614096060359,0.1380276746092584,-0.03065636407164406,0.03368754895453668,-0.002557816654565649
4.932659864425659,-2.996894032574483,1.2909409392841857,0.9619792559871684,-24.63413919616289,1.9537855455096762,-1.8657434685224197,-0.28872080274098744,0.18433000775720354,0.44294733636677,0.828529060148413,0.0,0.0,0.0,4.996894032574483,0.7090590607158143,0.03802074401283162,24.63413919616289,-1.9537855455096762,1.8657434685224197,-0.7196145235333133,1.5,0.01,0.5,1.5,0.01,0.5,4.0,0.05,1.2,2.5,0.05,0.4,0.6520829760513265,7.495341048861724,1.0635885910737213,-1.7990363088332835,1.0,0.0,0.0,1.0,2,2,1,5.04709424335795,0.25567851024119065,0.050997530836275055,0.21423043552613785,-0.04715435779192017
4.9790427684783936,-3.1038015446886598,1.2964041002279947,0.9604863144254956,-25.657802907402463,1.3111586265141417,-0.35830597480147586,0.02662688769467198,0.30990988259557434,0.3419599346482851,0.8867413809091313,0.0,0.0,0.0,5.103801544688659,0.7035958997720053,0.03951368557450441,25.657802907402463,-1.3111586265141417,0.35830597480147586,-0.6892549400056884,1.5,0.01,0.5,1.5,0.01,0.5,4.0,0.05,1.2,2.5,0.05,0.4,0.6580547422980176,7.655702317032989,1.055393849658008,-1.723137350014221,1.0,0.0,0.0,1.0,2,2,1,5.152222697932418,0.13871470502327635,0.044824426556253516,0.14061279289472722,0.10959167958529317
5.024766445159912,-3.214730552770754,1.3040362672269412,0.9656547671550398,-26.62296193970263,1.8317200797471773,1.2404286550906323,0.3385449923810081,0.39557286856912616,0.1969275460669926,0.8307399926485834,0.0,0.0,0.0,5.214730552770754,0.6959637327730588,0.03434523284496016,26.62296193970263,-1.8317200797471773,-1.2404286550906323,-0.6407220487853517,1.5,0.01,0.5,1.5,0.01,0.5,4.0,0.05,1.2,2.5,0.05,0.4,0.6373809313798406,7.822095829156131,1.043945599159588,-1.601805121963379,1.0,0.0,0.0,1.0,2,2,1,5.261079722866339,-0.032383199077512755,-0.06801472822996468,-0.03436840363914261,0.14782064456758248
5.071702480316162,-3.3294414446480163,1.3175207909333235,0.9743816695562605,-27.530614050542933,3.236285689531773,2.0944565762929463,0.6068579602339099,0.43028543598756225,0.026530574385148633,0.6677379638005659,0.0,0.0,0.0,5.329441444648016,0.6824792090666765,0.025618330443739512,27.530614050542933,-3.236285689531773,-2.0944565762929463,-0.5985524444962625,1.5,0.01,0.5,1.5,0.01,0.5,4.0,0.05,1.2,2.5,0.05,0.4,0.602473321774958,7.994162166972025,1.0237188136000146,-1.4963811112406564,1.0,0.0,0.0,1.0,2,2,1,5.373023383682128,0.11972881027965972,0.06634915117417226,-0.04375385453569117,-0.01900639321659353
5.11868691444397,-3.4478044502962457,1.3373966908094284,0.9820685573492696,-28.40712135557511,4.77021597026514,1.8448530703221766,0.7970066515800205,0.40957655061264037,-0.14728357773761017,0.41873021655269205,0.0,0.0,0.0,5.447804450296246,0.6626033091905716,0.017931442650730434,28.40712135557511,-4.77021597026514,-1.8448530703221766,-0.584939192344974,1.5,0.01,0.5,1.5,0.01,0.5,4.0,0.05,1.2,2.5,0.05,0.4,0.5717257706029217,8.17170667544437,0.9939049637858575,-1.4623479808624351,1.0,0.0,0.0,1.0,2,2,1,5.487981232716947,0.09627495677625714,-0.020038346617028496,-0.02478194410915256,-0.021917434890804548
5.165743350982666,-3.5698263910452264,1.3611940775805085,0.9850916972826911,-29.285265779755406,5.711372825059248,0.7255535840211584,0.8844996106558645,0.3361135500236011,-0.3021273693319273,0.11578934726789585,0.0,0.0,0.0,5.569826391045226,0.6388059224194915,0.014908302717308919,29.285265779755406,-5.711372825059248,-0.7255535840211584,-0.6113602620784231,1.5,0.01,0.5,1.5,0.01,0.5,4.0,0.05,1.2,2.5,0.05,0.4,0.5596332108692357,8.35473958656784,0.9582088836292373,-1.5284006551960578,1.0,0.0,0.0,1.0,2,2,1,5.60635900477235,0.0037639485959310537,0.04747995062763329,0.014123372059935628,0.11694957435839484
5.213001489639282,-3.695627699073557,1.3848815954097597,0.9822389196612713,-30.192313926799294,5.685004279020318,-0.6846666291407364,0.8580676043068408,0.21935858626809465,-0.41805667222508675,-0.2020653752567921,0.0,0.0,0.0,5.695627699073556,0.6151184045902403,0.017761080338728696,30.192313926799294,-5.685004279020318,0.6846666291407364,-0.669793897440656,1.5,0.01,0.5,1.5,0.01,0.5,4.0,0.05,1.2,2.5,0.05,0.4,0.5710443213549148,8.543441548610335,0.9226776068853604,-1.67448474360164,1.0,0.0,0.0,1.0,2,2,1,5.728774824872625,-0.11443159699346468,-0.1394605983309275,-0.03117114000723148,0.15905947779982915
5.25987982749939,-3.8253813642814025,1.4045503720326808,0.9750538591504632,-31.140879649882944,4.720506389501067,-1.7244145225939664,0.7211151172530608,0.07434988553501051,-0.48013960666867456,-0.49389375405858904,0.0,0.0,0.0,5.8253813642814025,0.5954496279673192,0.024946140849536835,31.140879649882944,-4.720506389501067,1.7244145225939664,-0.7318396683365903,1.5,0.01,0.5,1.5,0.01,0.5,4.0,0.05,1.2,2.5,0.05,0.4,0.5997845633981473,8.738072046422104,0.8931744419509787,-1.8295991708414758,1.0,0.0,0.0,1.0,2,2,1,5.855787787198811,-0.137484330189059,-0.027700189082187705,0.0050878703366054965,0.042390179558502585
5.306751728057861,-3.9592060007707786,1.4180675294850955,0.9673435417817264,-32.117912757450206,3.2441177885795307,-1.8504761684968116,-0.4912818490087868,0.08023519944615502,0.4803797913474797,0.7221078268993456,0.0,0.0,0.0,5.959206000770779,0.5819324705149045,0.032656458218273565,32.117912757450206,-3.2441177885795307,1.8504761684968116,-0.766227028196183,1.5,0.01,0.5,1.5,0.01,0.5,4.0,0.05,1.2,2.5,0.05,0.4,0.6306258328730943,8.93880900115617,0.8728987057723567,-1.9155675704904576,1.0,0.0,0.0,1.0,2,2,1,5.987641272164307,0.013468494704925393,0.08534402661780424,-0.1091371765574152,-0.09550192865150096
5.3534486293792725,-4.097054798404669,1.426380643623784,0.9635964542080173,-33.08371143213354,1.9951473932852493,-0.8993010176901896,-0.19817069235403684,0.22448586232849946,0.4187462900904751,0.857313255958413,0.0,0.0,0.0,6.097054798404669,0.573619356376216,0.03640354579198268,33.08371143213354,-1.9951473932852493,0.8993010176901896,-0.7598541689334418,1.5,0.01,0.5,1.5,0.01,0.5,4.0,0.05,1.2,2.5,0.05,0.4,0.6456141831679307,9.145582197607002,0.860429034564324,-1.8996354223336045,1.0,0.0,0.0,1.0,2,2,1,6.1240870012521125,-0.044591585224878695,0.08567052686293555,-0.0024846062445541125,0.08883980286446469
5.400963068008423,-4.2386925990591395,1.4333862286212413,0.966514113367489,-33.99307215707311,1.681340399389762,0.7002381982732083,0.12046516663259424,0.3398223868708822,0.30317759649915754,0.882095365587277,0.0,0.0,0.0,6.2386925990591395,0.5666137713787587,0.03348588663251095,33.99307215707311,-1.681340399389762,-0.7002381982732083,-0.7210493189040936,1.5,0.01,0.5,1.5,0.01,0.5,4.0,0.05,1.2,2.5,0.05,0.4,0.6339435465300438,9.35803889858871,0.849920657068138,-1.802623297260234,1.0,0.0,0.0,1.0,2,2,1,6.2644598981935316,-0.11738718488673022,0.049957561009214765,-0.01827072819898395,-0.11427302820747308
5.448971509933472,-4.383795247416799,1.4437633722963006,0.9752774639211651,-34.82463560583835,2.490514482014244,2.1032041328822597,0.4235849193618774,0.4113892441251647,0.1485591432667366,0.7932621804039133,0.0,0.0,0.0,6.383795247416799,0.5562366277036994,0.0247225360788349,34.82463560583835,-2.490514482014244,-2.1032041328822597,-0.6708878672143556,1.5,0.01,0.5,1.5,0.01,0.5,4.0,0.05,1.2,2.5,0.05,0.4,0.5988901443153396,9.575692871125199,0.8343549415555491,-1.6772196680358888,1.0,0.0,0.0,1.0,2,2,1,6.408030286346239,0.10065514288103534,0.07718678609062775,-0.08759631758037768,-0.02954692911098954
5.4959681034088135,-4.532085321810782,1.460195498922617,0.9861490478341494,-35.589617854555804,3.943710390315915,2.609180139116214,0.6721462565628438,0.42996850833984246,-0.025193965375720218,0.6022555568304985,0.0,0.0,0.0,6.532085321810782,0.5398045010773831,0.013850952165850638,35.589617854555804,-3.943710390315915,-2.609180139116214,-0.6339378915209705,1.5,0.01,0.5,1.5,0.01,0.5,4.0,0.05,1.2,2.5,0.05,0.4,0.5554038086634026,9.798127982716172,0.8097067516160746,-1.584844728802426,1.0,0.0,0.0,1.0,2,2,1,6.554366437702058,0.003851162928486922,-0.023044547328906807,0.05453855499924798,0.0729728519449627
5.5440919399261475,-4.683404391112579,1.4821544705972318,0.9948313487361135,-36.31657663243132,5.27015320190757,2.0837522164713786,0.8341340802010444,0.39316714054940666,-0.19570205095681495,0.3336774536744386,0.0,0.0,0.0,6.683404391112579,0.5178455294027682,0.005168651263886548,36.31657663243132,-5.27015320190757,-2.0837522164713786,-0.6301839095662835,1.5,0.01,0.5,1.5,0.01,0.5,4.0,0.05,1.2,2.5,0.05,0.4,0.5206746050555462,10.02510658666887,0.7767682941041523,-1.5754597739157086,1.0,0.0,0.0,1.0,2,2,1,6.703438294071277,-0.08469561766844398,-0.07920265592343158,0.13675012539827416,-0.09478328294448843
5.5924084186553955,-4.837714253064603,1.5066722182381238,0.9985967374683314,-37.03436686848578,5.884259433814095,0.9036932957323074,0.8886840993430472,0.3057252158229742,-0.3410033991688579,0.02212116046046508,0.0,0.0,0.0,6.837714253064603,0.4933277817618762,0.0014032625316685587,37.03436686848578,-5.884259433814095,-0.9036932957323074,-0.6663333419926343,1.5,0.01,0.5,1.5,0.01,0.5,4.0,0.05,1.2,2.5,0.05,0.4,0.5056130501266742,10.256571379596904,0.7399916726428143,-1.6658333549815856,1.0,0.0,0.0,1.0,2,2,1,6.855487617665621,-0.01306345184463487,-0.0020881795801988086,0.148762736501907,-0.008141527843833686
5.639554262161255,-4.995062581665556,1.5299324970953485,0.9971839852369925,-37.763598864228655,5.58246692573392,-0.3390605355213614,0.8287701842203263,0.1789053940092654,-0.4423829638187038,-0.29228437362400217,0.0,0.0,0.0,6.995062581665556,0.4700675029046515,0.002816014763007524,37.763598864228655,-5.58246692573392,0.3390605355213614,-0.7279065299393613,1.5,0.01,0.5,1.5,0.01,0.5,4.0,0.05,1.2,2.5,0.05,0.4,0.5112640590520301,10.492593872498333,0.7051012543569772,-1.8197663248484033,1.0,0.0,0.0,1.0,2,2,1,7.010839600835534,-0.042187758404030065,0.13212641810036738,-0.12060986131579082,-0.14317495620170573
5.687286376953125,-5.155517084341319,1.5488148057105142,0.9927320862872833,-38.50908064218341,4.531754067639774,-1.0684557479302093,-0.66210934298822,-0.029042271123083982,0.4867828947293944,0.5690432126074365,0.0,0.0,0.0,7.155517084341319,0.4511851942894858,0.007267913712716734,38.50908064218341,-4.531754067639774,1.0684557479302093,-0.7832921979292923,1.5,0.01,0.5,1.5,0.01,0.5,4.0,0.05,1.2,2.5,0.05,0.4,0.5290716548508669,10.733275626511979,0.6767777914342287,-1.9582304948232307,1.0,0.0,0.0,1.0,2,2,1,7.1697312115878,0.019204756535932618,0.0928194450845018,0.028105547890418227,-0.10871209168637211
5.734530925750732,-5.319068476809454,1.5622525185569711,0.988966314193998,-39.25233419235231,3.225051083149629,-0.9037853023884382,-0.4101677587250542,0.12456154276363224,0.4684844097410192,0.7725083750979134,0.0,0.0,0.0,7.319068476809454,0.4377474814430289,0.011033685806001947,39.25233419235231,-3.225051083149629,0.9037853023884382,-0.8050489135549388,1.5,0.01,0.5,1.5,0.01,0.5,4.0,0.05,1.2,2.5,0.05,0.4,0.5441347432240078,10.97860271521418,0.6566212221645433,-2.012622283887347,1.0,0.0,0.0,1.0,2,2,1,7.332155751752553,0.01687544025542505,0.0956329541238629,-0.10895327578880212,-0.19038674248558732
5.781832695007324,-5.485554734820416,1.571981953366801,0.9894815314216594,-39.95670192263081,2.3350643543591736,0.12365213463871438,-0.10539591069670955,0.26212163059139365,0.3898443830053737,0.8764732225365928,0.0,0.0,0.0,7.485554734820416,0.4280180466331991,0.0105184685783406,39.95670192263081,-2.3350643543591736,-0.12365213463871438,-0.786774274909086,1.5,0.01,0.5,1.5,0.01,0.5,4.0,0.05,1.2,2.5,0.05,0.4,0.5420738743133624,11.228332102230624,0.6420270699497986,-1.966935687272715,1.0,0.0,0.0,1.0,2,2,1,7.497788992390841,0.03704510924352709,0.015450805119745382,-0.024009762375766824,-0.1804597260547221
5.828670024871826,-5.654678623496105,1.5817816356599168,0.9956812143545,-40.589733282165454,2.3519237503477903,1.4879239038817391,0.21295109930727646,0.3659200328938314,0.26099177582321625,0.8675469161857725,0.0,0.0,0.0,7.654678623496105,0.4182183643400832,0.004318785645500034,40.589733282165454,-2.3519237503477903,-1.4879239038817391,-0.7413751232544585,1.5,0.01,0.5,1.5,0.01,0.5,4.0,0.05,1.2,2.5,0.05,0.4,0.5172751425820001,11.482017935244158,0.6273275465101248,-1.8534378081361464,1.0,0.0,0.0,1.0,2,2,1,7.666096143487177,-0.05698237685468086,0.1522146181597397,0.07578813335942493,0.06367814432329669
5.876758575439453,-5.826111604103597,1.5952417558139642,1.0059349573309415,-41.143915345798185,3.2304288369713587,2.460898314345979,0.5038696669089197,0.42258734933317343,0.09852301021812052,0.746879178589293,0.0,0.0,0.0,7.826111604103597,0.4047582441860358,-0.005934957330941515,41.143915345798185,-3.2304288369713587,-2.460898314345979,-0.6916266336454919,1.5,0.01,0.5,1.5,0.01,0.5,4.0,0.05,1.2,2.5,0.05,0.4,0.47626017067623394,11.739167406155396,0.6071373662790537,-1.7290665841137298,1.0,0.0,0.0,1.0,2,2,1,7.836573696446686,-0.007901082036015762,-0.01187713790869794,0.09215770487080073,0.13950349239724213
5.923507213592529,-5.9995928358118205,1.6137267337706105,1.016773296863259,-41.635495609973475,4.43639470959509,2.6012014877562106,0.7298890150087327,0.42482473886042843,-0.07663567678143511,0.5300122074688491,0.0,0.0,0.0,7.9995928358118205,0.3862732662293895,-0.016773296863259013,41.635495609973475,-4.43639470959509,-2.6012014877562106,-0.6615034799451799,1.5,0.01,0.5,1.5,0.01,0.5,4.0,0.05,1.2,2.5,0.05,0.4,0.43290681254696395,11.99938925371773,0.5794098993440843,-1.6537586998629497,1.0,0.0,0.0,1.0,2,2,1,8.008930884859913,-0.017787629296277897,-0.10745578301072152,-0.05013226699028837,0.0891994011374396
5.9692442417144775,-6.174962041421025,1.6360242403933243,1.0249897183285788,-42.08860934620895,5.351401589451335,1.9719411516767251,0.8618974898451844,0.37234402212371887,-0.24192356596213987,0.2448788157833665,0.0,0.0,0.0,8.174962041421026,0.3639757596066757,-0.02498971832857877,42.08860934620895,-5.351401589451335,-1.9719411516767251,-0.6681339707626378,1.5,0.01,0.5,1.5,0.01,0.5,4.0,0.05,1.2,2.5,0.05,0.4,0.4000411266856849,12.262443062131538,0.5459636394100136,-1.6703349269065946,1.0,0.0,0.0,1.0,2,2,1,8.183098876237414,0.05230288073681802,0.06942423897447272,0.03583208802886223,-0.02607725449837857
6.015515565872192,-6.35214417508133,1.6594049845830932,1.0290509185405292,-42.52371207847325,5.611378605544514,0.9746880508681323,0.8828921885901093,0.2719047994300122,-0.37605131266719033,-0.07179535928439057,0.0,0.0,0.0,8.35214417508133,0.34059501541690684,-0.029050918540529214,42.52371207847325,-5.611378605544514,-0.9746880508681323,-0.7127664528242181,1.5,0.01,0.5,1.5,0.01,0.5,4.0,0.05,1.2,2.5,0.05,0.4,0.38379632583788315,12.528216262621996,0.5108925231253603,-1.7819161320605454,1.0,0.0,0.0,1.0,2,2,1,8.35913639329685,0.07467511437945117,-0.08918958919145777,0.09584277659012748,0.06574214534226554
6.061373472213745,-6.531114521559909,1.680979585941021,1.0294232660176927,-42.95288315485889,5.177904325902678,0.08936339451925035,0.7901689604447889,0.13644380340737194,-0.4617430484600163,-0.37922217717346535,0.0,0.0,0.0,8.531114521559909,0.31902041405897896,-0.02942326601769274,42.95288315485889,-5.177904325902678,-0.08936339451925035,-0.7747618634417465,1.5,0.01,0.5,1.5,0.01,0.5,4.0,0.05,1.2,2.5,0.05,0.4,0.38230693592922904,12.796671782339864,0.47853062108846844,-1.9369046586043661,1.0,0.0,0.0,1.0,2,2,1,8.537128014334789,-0.21555039702344825,0.04204819190243045,-0.07398074362306196,-0.08661454878226389
6.10803484916687,-6.7118433802926925,1.6988290725488,1.028216593785168,-43.37492609586819,4.283876785866931,-0.2896013358059607,-0.5956707055906093,0.016591372861765007,0.4879615406275861,0.637804571727187,0.0,0.0,0.0,8.711843380292692,0.3011709274512,-0.028216593785167943,43.37492609586819,-4.283876785866931,0.2896013358059607,-0.8212856516465875,1.5,0.01,0.5,1.5,0.01,0.5,4.0,0.05,1.2,2.5,0.05,0.4,0.38713362485932823,13.067765070439037,0.4517563911768,-2.0532141291164687,1.0,0.0,0.0,1.0,2,2,1,8.717093276227818,-0.0756228708314051,0.05895515502544414,-0.013858607241892,-0.0029664520132328363
6.154531955718994,-6.894228768395813,1.7128435976463932,1.0282913770055027,-43.7724931447488,3.3634860234223476,0.01794797288030564,-0.32444911053202086,0.16748955375311303,0.4513298054180722,0.8142367166861543,0.0,0.0,0.0,8.894228768395813,0.28715640235360684,-0.02829137700550266,43.7724931447488,-3.3634860234223476,-0.01794797288030564,-0.8301965447351412,1.5,0.01,0.5,1.5,0.01,0.5,4.0,0.05,1.2,2.5,0.05,0.4,0.38683449197798936,13.34134315259372,0.43073460353041026,-2.075491361837853,1.0,0.0,0.0,1.0,2,2,1,8.898908055822648,0.06974852778087003,-0.06702549079799368,-0.2247297136848776,0.05846027972501956
6.201535224914551,-7.078063059354647,1.7248769238882018,1.0318435514746982,-44.12022983012009,2.887998298034055,0.8525218726069101,-0.011437950781503241,0.2968148120671396,0.3565660689526851,0.8857938694138143,0.0,0.0,0.0,9.078063059354648,0.2751230761117982,-0.031843551474698195,44.12022983012009,-2.887998298034055,-0.8525218726069101,-0.8014292254745254,1.5,0.01,0.5,1.5,0.01,0.5,4.0,0.05,1.2,2.5,0.05,0.4,0.3726257941012072,13.617094589031971,0.4126846141676973,-2.0035730636863134,1.0,0.0,0.0,1.0,2,2,1,9.082286916212194,0.015550697579764622,-0.09630269439944132,0.030697308215919147,0.01412246837993407
6.247919797897339,-7.263070645138073,1.7377367649347182,1.0391450438862742,-44.401820588022254,3.0863618511639404,1.7523581787782292,0.27749937462811913,0.32566154546233966,0.21904706378127442,0.8769019550308265,0.0,0.0,0.0,9.263070645138072,0.2622632350652818,-0.039145043886274156,44.401820588022254,-3.0863618511639404,-1.7523581787782292,-0.6563725642049227,1.5,0.01,0.5,1.5,0.01,0.5,4.0,0.05,1.2,2.5,0.05,0.4,0.3434198244549034,13.894605967707108,0.39339485259792273,-1.640931410512307,1.0,0.0,0.0,1.0,2,2,1,9.26686527989624,0.034064202104415034,-0.053471751439037235,0.13512618209444077,-0.026314710561790952
6.294418811798096,-7.4486594264217105,1.7532784578461311,1.04902026160488,-44.54130750807313,3.730006298739081,2.3700522524654137,0.5176187936429671,0.2306331726967764,0.08970794411326836,0.8190431056314369,0.0,0.0,0.0,9.44865942642171,0.24672154215386888,-0.049020261604880044,44.54130750807313,-3.730006298739081,-2.3700522524654137,-0.3880189965140588,1.5,0.01,0.5,1.5,0.01,0.5,4.0,0.05,1.2,2.5,0.05,0.4,0.3039189535804798,14.172989139632564,0.3700823132308033,-0.970047491285147,1.0,0.0,0.0,1.0,2,2,1,9.452007165777987,0.06527794683947617,-0.20074843492210573,-0.1454582078825438,-0.05357552729356076
6.34033465385437,-7.63394640278683,1.7721773151608855,1.0600481222998073,-44.46887432762855,4.53572575554104,2.6466865667825354,0.7070534783960217,0.0650845793146148,-0.015564616079193442,0.7039865900355159,0.0,0.0,0.0,9.63394640278683,0.2278226848391145,-0.06004812229980727,44.46887432762855,-4.53572575554104,-2.6466865667825354,-0.046994494296693015,1.5,0.01,0.5,1.5,0.01,0.5,4.0,0.05,1.2,2.5,0.05,0.4,0.2598075108007709,14.450919604180244,0.34173402725867175,-0.11748623574173253,1.0,0.0,0.0,1.0,2,2,1,9.636826876336855,0.0908046490159443,-0.03383445315265743,-0.04066515900612142,-0.10607618629981837
6.3875439167022705,-7.8181994174862215,1.7942513636296376,1.0707937293131842,-44.22072352785409,5.297771632500506,2.578945683210432,0.8324910604504632,-0.14663706061954537,-0.07865855284667213,0.5284591174225215,0.0,0.0,0.0,9.818199417486221,0.20574863637036245,-0.07079372931318417,44.22072352785409,-5.297771632500506,-2.578945683210432,0.35448029184643864,1.5,0.01,0.5,1.5,0.01,0.5,4.0,0.05,1.2,2.5,0.05,0.4,0.2168250827472633,14.727299126229333,0.30862295455554367,0.8862007296160966,1.0,0.0,0.0,1.0,2,2,1,9.820610167143643,0.0312247666736767,-0.015142619876545535,0.024343424262450012,-4.159114799948475e-05
6.43339729309082,-8.000984782498046,1.8186753640588025,1.0800908736898756,-43.86848760283803,5.861760102999593,2.2313146504059143,0.9333064303878772,-0.09536827936570533,0.1516167052249247,0.3112175653529244,0.0,0.0,0.0,10.000984782498046,0.18132463594119752,-0.08009087368987555,43.86848760283803,-5.861760102999593,-2.2313146504059143,0.10727096838248604,1.5,0.01,0.5,1.5,0.01,0.5,4.0,0.05,1.2,2.5,0.05,0.4,0.1796365052404978,15.00147717374707,0.2719869539117963,0.2681774209562151,1.0,0.0,0.0,1.0,2,2,1,10.002949054724066,0.014293550053131541,-0.03547942126622528,-0.06701456594852372,-0.03129804647889397
6.478903532028198,-8.181598750139983,1.8441901102174767,1.087391062159233,-43.34735223406496,6.123539078081813,1.7520452326458282,0.9305798170530538,-0.09857455055304233,0.3452693027653333,0.0713678544213801,0.0,0.0,0.0,10.181598750139983,0.1558098897825233,-0.08739106215923309,43.34735223406496,-6.123539078081813,-1.7520452326458282,0.19417094721826764,1.5,0.01,0.5,1.5,0.01,0.5,4.0,0.05,1.2,2.5,0.05,0.4,0.15043575136306764,15.272398125209975,0.23371483467378495,0.4854273680456691,1.0,0.0,0.0,1.0,2,2,1,10.183165864717683,-0.07145040156026632,0.033427485684380864,0.09223247396133853,-0.06696928602122561
6.527151107788086,-8.359593341503032,1.86963957268126,1.0930127604178188,-42.71870192713192,6.107870991308005,1.3492075820605902,0.8367369331922042,-0.00841232213489254,0.5073797777508907,-0.2058307523133033,0.0,0.0,0.0,10.359593341503032,0.13036042731873998,-0.09301276041781881,42.71870192713192,-6.107870991308005,-1.3492075820605902,0.4434682463965116,1.5,0.01,0.5,1.5,0.01,0.5,4.0,0.05,1.2,2.5,0.05,0.4,0.12794895832872477,15.539390012254549,0.19554064097810997,1.108670615991279,1.0,0.0,0.0,1.0,2,2,1,10.360831019562342,-0.025412313125744358,-0.04719809948649825,0.1316200681328885,-0.004657609210105318
6.573037147521973,-8.534886052410144,1.8943208468227586,1.0977639270885715,-42.070250617706805,5.923505793959671,1.140280000980652,0.6391832432010425,0.10122297291578367,0.6015942295455039,-0.46827670702549257,0.0,0.0,0.0,10.534886052410144,0.10567915317724141,-0.09776392708857151,42.070250617706805,-5.923505793959671,-1.140280000980652,1.0484740757630717,1.5,0.01,0.5,1.5,0.01,0.5,4.0,0.05,1.2,2.5,0.05,0.4,0.10894429164571395,15.802329078615216,0.15851872976586212,2.6211851894076794,1.0,0.0,0.0,1.0,2,2,1,10.535869684374509,-0.03985982289763934,-0.060011072414405835,-0.16626824003903173,-0.14998664231982176
6.619371652603149,-8.707697581963387,1.9181551127206868,1.1025378589108696,-41.474767092778386,5.720223815502797,1.1457436373515766,-0.3593017285228382,-0.19782058705546204,-0.6183223817701816,0.6704078724325833,0.0,0.0,0.0,10.707697581963387,0.08184488727931316,-0.10253785891086964,41.474767092778386,-5.720223815502797,-1.1457436373515766,1.3536140633456808,1.5,0.01,0.5,1.5,0.01,0.5,4.0,0.05,1.2,2.5,0.05,0.4,0.08984856435652144,16.06154637294508,0.12276733091896974,3.384035158364202,1.0,0.0,0.0,1.0,2,2,1,10.7085013005961,0.11374413212918971,0.10423408910305276,-0.025287410399014162,0.15162351949790395
6.666112184524536,-8.878454118065576,1.9415450441036102,1.107874050333876,-40.981568664525625,5.613583531901581,1.2806859415215295,-0.03314157617660025,-0.26893859298603173,-0.5554096216462873,0.7861894309350337,0.0,0.0,0.0,10.878454118065576,0.058454955896389826,-0.10787405033387598,40.981568664525625,-5.613583531901581,-1.2806859415215295,1.3044105392583005,1.5,0.01,0.5,1.5,0.01,0.5,4.0,0.05,1.2,2.5,0.05,0.4,0.06850379866449607,16.317681177098365,0.08768243384458474,3.2610263481457515,1.0,0.0,0.0,1.0,2,2,1,10.879146004694586,0.09081252875544804,0.03007886722133729,0.05630049704840909,0.16601150354262925
6.7130537033081055,-9.047599459459914,1.9649870219301726,1.113753826846033,-40.59488193464111,5.626074678374994,1.4111463629176868,0.2972872642216824,-0.3054168777248338,-0.4209592133647266,0.8007085324984068,0.0,0.0,0.0,11.047599459459914,0.035012978069827394,-0.11375382684603297,40.59488193464111,-5.626074678374994,-1.4111463629176868,1.0816081679303517,1.5,0.01,0.5,1.5,0.01,0.5,4.0,0.05,1.2,2.5,0.05,0.4,0.04498469261586813,16.57139918918987,0.05251946710474109,2.7040204198258793,1.0,0.0,0.0,1.0,2,2,1,11.048240568453169,-0.20315917706845243,0.024811544086583766,-0.10579925272163965,0.19629824172101112
6.75989842414856,-9.215422429026566,1.9886890489326712,1.1197904500732052,-40.277512695996684,5.688486480599674,1.4487895745213193,0.5894250292032163,-0.30255697981687085,-0.2322885846895188,0.7120950936046544,0.0,0.0,0.0,11.215422429026566,0.011310951067328823,-0.11979045007320521,40.277512695996684,-5.688486480599674,-1.4487895745213193,0.7710049516954616,1.5,0.01,0.5,1.5,0.01,0.5,4.0,0.05,1.2,2.5,0.05,0.4,0.02083819970717915,16.823133643539848,0.016966426600993234,1.927512379238654,1.0,0.0,0.0,1.0,2,2,1,11.216067847113575,-0.06188933334663042,0.04587199695494726,0.04449764001301546,-0.16468497916263303
6.806144952774048,-9.382036853986383,2.0124889601232803,1.1256475169579694,-39.987461990356344,5.711978685746174,1.4056960523434046,0.8056439070947539,-0.26072725868973157,-0.013698814546603518,0.5317626670021647,0.0,0.0,0.0,11.382036853986383,-0.012488960123280268,-0.12564751695796939,39.987461990356344,-5.711978685746174,-1.4056960523434046,0.4651794344440337,1.5,0.01,0.5,1.5,0.01,0.5,4.0,0.05,1.2,2.5,0.05,0.4,-0.0025900678318775405,17.073055280979574,-0.018733440184920402,1.1629485861100843,1.0,0.0,0.0,1.0,2,2,1,11.382737202366876,-0.07026761552611158,0.014965215822255984,0.06485339999574322,0.009898050084768378
6.852037191390991,-9.547501144723743,2.0361245812630226,1.131293840191175,-39.71142977696632,5.672549073538144,1.355117575969347,0.9180945603824759,-0.1853154493697857,0.20665538483379461,0.2829383578452715,0.0,0.0,0.0,11.547501144723743,-0.03612458126302265,-0.13129384019117496,39.71142977696632,-5.672549073538144,-1.355117575969347,0.25499850089942305,1.5,0.01,0.5,1.5,0.01,0.5,4.0,0.05,1.2,2.5,0.05,0.4,-0.02517536076469984,17.321251717085616,-0.05418687189453397,0.6374962522485577,1.0,0.0,0.0,1.0,2,2,1,11.54830402029838,0.1877489345374818,-0.00488814144047294,-0.2270225872322957,-0.17118355851797964
6.899258613586426,-9.711830973380376,2.0595981510270995,1.1367311384047485,-39.43915887759193,5.633656743378492,1.3049515712576207,0.9122931649544551,-0.08603471358814033,0.4003920399118326,-0.0023288646227873585,0.0,0.0,0.0,11.711830973380376,-0.05959815102709953,-0.1367311384047485,39.43915887759193,-5.633656743378492,-1.3049515712576207,0.22952595010893292,1.5,0.01,0.5,1.5,0.01,0.5,4.0,0.05,1.2,2.5,0.05,0.4,-0.04692455361899395,17.567746460070566,-0.0893972265406493,0.5738148752723323,1.0,0.0,0.0,1.0,2,2,1,11.712780715647641,-0.051077416456431546,0.070660117230683,-0.07071678208144669,-0.12065273607701324
6.94692587852478,-9.875041692347468,2.0829118624161884,1.1419610953380603,-39.170572552101774,5.595290733381346,1.2551896639948545,0.7889869498265001,0.02432743099548223,0.5425575594531074,-0.28729612560026563,0.0,0.0,0.0,11.875041692347468,-0.08291186241618842,-0.14196109533806034,39.170572552101774,-5.595290733381346,-1.2551896639948545,0.5809790862234039,1.5,0.01,0.5,1.5,0.01,0.5,4.0,0.05,1.2,2.5,0.05,0.4,-0.06784438135224136,17.812562538521203,-0.12436779362428263,1.4524477155585096,1.0,0.0,0.0,1.0,2,2,1,11.87617962665223,-0.07087162921950209,0.10268514442154769,-0.18637021774909293,0.2073400286823277
6.993104934692383,-10.037148342896376,2.106067863989291,1.1469853607820812,-38.905596131738264,5.5574403775446415,1.2058237065650081,-0.5640579528490367,-0.13155616353273752,-0.614840797015917,0.5352591858054688,0.0,0.0,0.0,12.037148342896376,-0.10606786398929113,-0.14698536078208124,38.905596131738264,-5.5574403775446415,-1.2058237065650081,1.1723594923716532,1.5,0.01,0.5,1.5,0.01,0.5,4.0,0.05,1.2,2.5,0.05,0.4,-0.08794144312832497,18.055722514344566,-0.1591017959839367,2.930898730929133,1.0,0.0,0.0,1.0,2,2,1,12.038513002732042,-0.07296558526101679,0.07262913228533016,-0.14602085349392488,0.03323059788360991
7.040142297744751,-10.198165663519584,2.1290682610551896,1.1518055514918921,-38.64415694956957,5.520095295815609,1.156845770354585,-0.2664773888140156,-0.22184025166163412,-0.6079315559185074,0.7142800062384985,0.0,0.0,0.0,12.198165663519584,-0.12906826105518965,-0.15180555149189212,38.64415694956957,-5.520095295815609,-1.156845770354585,1.3470239152912178,1.5,0.01,0.5,1.5,0.01,0.5,4.0,0.05,1.2,2.5,0.05,0.4,-0.10722220596756848,18.297248495279376,-0.19360239158278447,3.3675597882280446,1.0,0.0,0.0,1.0,2,2,1,12.199792993987387,-0.10283221479576464,-0.02218822111020818,0.060429803587327906,0.023885919121706886
7.087912559509277,-10.358108097993451,2.1519151168241657,1.1564232520688178,-38.38618427372821,5.483245384554268,1.1082481384621694,0.0654258893764528,-0.2835509603385541,-0.5227197574719249,0.8013004187187698,0.0,0.0,0.0,12.358108097993451,-0.1519151168241657,-0.1564232520688178,38.38618427372821,-5.483245384554268,-1.1082481384621694,1.2356007516294618,1.5,0.01,0.5,1.5,0.01,0.5,4.0,0.05,1.2,2.5,0.05,0.4,-0.1256930082752712,18.537162146990177,-0.22787267523624855,3.0890018790736544,1.0,0.0,0.0,1.0,2,2,1,12.360031642281456,-0.07019734763527408,-0.03860773010839601,-0.13161530678847377,-0.037423002007543775
7.1341822147369385,-10.516989803173896,2.174610453521568,1.1608400158133934,-38.13160924330665,5.4468808073765045,1.060023298698159,0.38890220830621947,-0.30873985152275135,-0.3701808176909029,0.7851120548494653,0.0,0.0,0.0,12.516989803173896,-0.1746104535215678,-0.16084001581339336,38.13160924330665,-5.4468808073765045,-1.060023298698159,0.9792938781736575,1.5,0.01,0.5,1.5,0.01,0.5,4.0,0.05,1.2,2.5,0.05,0.4,-0.14336006325357342,18.775484704760842,-0.2619156802823517,2.448234695434144,1.0,0.0,0.0,1.0,2,2,1,12.519240873708164,-0.32716528904012915,-0.18090280971788514,0.05031160051445147,0.06225546531537035
7.180917263031006,-10.67482465653551,2.1971562534647306,1.1650573655503151,-37.88036480678726,5.410991986359128,1.0121639368612507,0.6622873003986022,-0.2941625557168524,-0.16996199614586954,0.667800001805161,0.0,0.0,0.0,12.67482465653551,-0.19715625346473065,-0.16505736555031514,37.88036480678726,-5.410991986359128,-1.0121639368612507,0.6602259959395352,1.5,0.01,0.5,1.5,0.01,0.5,4.0,0.05,1.2,2.5,0.05,0.4,-0.16022946220126055,19.012236984803266,-0.29573438019709597,1.6505649898488381,1.0,0.0,0.0,1.0,2,2,1,12.677432492272368,0.08266314944723607,0.12869374436884912,-0.003911153671679581,-0.18092370655371548
7.226790189743042,-10.83162626346422,2.2195544601046904,1.169076794426478,-37.63238566289051,5.375569593590379,0.9646629302790484,0.850368728260661,-0.2416966519504782,0.05214820251362266,0.46447423976672114,0.0,0.0,0.0,12.83162626346422,-0.21955446010469037,-0.16907679442647794,37.63238566289051,-5.375569593590379,-0.9646629302790484,0.37466935662408113,1.5,0.01,0.5,1.5,0.01,0.5,4.0,0.05,1.2,2.5,0.05,0.4,-0.17630717770591176,19.24743939519633,-0.32933169015703556,0.9366733915602028,1.0,0.0,0.0,1.0,2,2,1,12.834618174631846,-0.11008543729420517,0.17841348962732584,0.19199926487083185,0.010867448531790232
7.27295446395874,-10.987407964313098,2.241806979034066,1.1728997666831475,-37.38760820373103,5.3406045430501035,0.9175133416007137,0.9289213029741603,-0.15809983259630983,0.2675416292302441,0.20132345229166368,0.0,0.0,0.0,12.987407964313098,-0.24180697903406578,-0.17289976668314755,37.38760820373103,-5.3406045430501035,-0.9175133416007137,0.20795085814333378,1.5,0.01,0.5,1.5,0.01,0.5,4.0,0.05,1.2,2.5,0.05,0.4,-0.1915990667325902,19.481111946469646,-0.3627104685510987,0.5198771453583344,1.0,0.0,0.0,1.0,2,2,1,12.990809465769713,-0.09714502743440495,0.1114079167241082,0.1528611588810428,0.0882092935727208
